<?xml version="1.0" encoding="utf-8"?>
<ArrayOfInstruction xmlns:xsd="http://www.w3.org/2001/XMLSchema" xmlns:xsi="http://www.w3.org/2001/XMLSchema-instance">
  <Instruction>
    <type>CollectRegValues</type>
    <description>AppSense Engineering Values</description>
    <isEnabled>true</isEnabled>
    <args>
      <string>HKEY_LOCAL_MACHINE,Software\AppSense\AsVfxLdr,Exceptions,Ivanti/Registry,AppSense</string>
      <string>HKEY_LOCAL_MACHINE,Software\AppSense\Environment Manager\AsModLdr,Exceptions,Ivanti/Registry,AppSense</string>
      <string>HKEY_LOCAL_MACHINE,Software\AppSense\Environment Manager,ProcessWhiteList,Ivanti/Registry,AppSense</string>
      <string>HKEY_LOCAL_MACHINE,Software\AppSense\Insight,Server,Ivanti/Registry,AppSense</string>
      <string>HKEY_LOCAL_MACHINE,Software\Microsoft\Windows NT\CurrentVersion\Windows,AppInit_DLLs,Ivanti/Registry,Windows</string>
      <string>HKEY_LOCAL_MACHINE,Software\Microsoft\Windows NT\CurrentVersion\Windows,LoadAppInit_DLLs,Ivanti/Registry,Windows</string>
      <string>HKEY_LOCAL_MACHINE,Software\Wow6432Node\Microsoft\Windows NT\CurrentVersion\Windows,AppInit_DLLs,Ivanti/Registry,Windows</string>
      <string>HKEY_LOCAL_MACHINE,Software\Wow6432Node\Microsoft\Windows NT\CurrentVersion\Windows,LoadAppInit_DLLs,Ivanti/Registry,Windows</string>
      <string>HKEY_LOCAL_MACHINE,System\CurrentControlSet\Control\FileSystem,NtfsDisable8dot3NameCreation,Ivanti/Registry,Windows</string>
      <string>HKEY_LOCAL_MACHINE,System\CurrentControlSet\Policies,NtfsDisable8dot3NameCreation,Ivanti/Registry,Windows</string>
      <string>HKEY_LOCAL_MACHINE,Software\Citrix\CtxHook,ExcludedImageNames,Ivanti/Registry,Citrix</string>
      <string>HKEY_LOCAL_MACHINE,Software\Wow6432Node\Citrix\CtxHook,ExcludedImageNames,Ivanti/Registry,Citrix</string>
      <string>HKEY_LOCAL_MACHINE,Software\Wow6432Node\Citrix\CtxHook64,ExcludedImageNames,Ivanti/Registry,Citrix</string>
      <string>HKEY_LOCAL_MACHINE,System\CurrentControlSet\Services\CtxUvi,UviProcessExcludes,Ivanti/Registry,Citrix</string>
      <string>HKEY_LOCAL_MACHINE,System\CurrentControlSet\Services\rskcore,UviProcessExcludes,Ivanti/Registry,Citrix</string>
      <string>HKEY_LOCAL_MACHINE,System\CurrentControlSet\Services\rskcore,UviProcessIsExcluded,Ivanti/Registry,Citrix</string>
      <string>HKEY_LOCAL_MACHINE,System\CurrentControlSet\Services\rskcore,UviProcessList,Ivanti/Registry,Citrix</string>
      <string>HKEY_LOCAL_MACHINE,Software\VMware, Inc.\VMware VDM\Node Manager,DisconnectLimitMinutes,Ivanti/Registry,VMWareView</string>
      <string>HKEY_LOCAL_MACHINE,Software\AppSense\Environment Manager,ADComputerGroupMembershipTimeoutSecs,Ivanti/Registry/Engineering Settings/EM</string>
      <string>HKEY_LOCAL_MACHINE,Software\AppSense\Environment Manager,ADUserGroupMembershipTimeout,Ivanti/Registry/Engineering Settings/EM</string>
      <string>HKEY_LOCAL_MACHINE,Software\AppSense\Environment Manager,AddPrinterConnectionRetry,Ivanti/Registry/Engineering Settings/EM</string>
      <string>HKEY_LOCAL_MACHINE,Software\AppSense\Environment Manager,AddPrinterConnectionWait,Ivanti/Registry/Engineering Settings/EM</string>
      <string>HKEY_LOCAL_MACHINE,Software\AppSense\Environment Manager,AddPrinterSequential,Ivanti/Registry/Engineering Settings/EM</string>
      <string>HKEY_LOCAL_MACHINE,Software\AppSense\Environment Manager,AttemptsToWaitForCSRSSOnNT5,Ivanti/Registry/Engineering Settings/EM</string>
      <string>HKEY_LOCAL_MACHINE,Software\AppSense\Environment Manager,AttemptsToWaitForToken,Ivanti/Registry/Engineering Settings/EM</string>
      <string>HKEY_LOCAL_MACHINE,Software\AppSense\Environment Manager,AttemptsToWaitForUserHive,Ivanti/Registry/Engineering Settings/EM</string>
      <string>HKEY_LOCAL_MACHINE,Software\AppSense\Environment Manager,AuthenticationMode,Ivanti/Registry/Engineering Settings/EM</string>
      <string>HKEY_LOCAL_MACHINE,Software\AppSense\Environment Manager,BaseConfigMergeBehavior,Ivanti/Registry/Engineering Settings/EM</string>
      <string>HKEY_LOCAL_MACHINE,Software\AppSense\Environment Manager,CertificateExcludeOids,Ivanti/Registry/Engineering Settings/EM</string>
      <string>HKEY_LOCAL_MACHINE,Software\AppSense\Environment Manager,CertificateExcludeRegex,Ivanti/Registry/Engineering Settings/EM</string>
      <string>HKEY_LOCAL_MACHINE,Software\AppSense\Environment Manager,CertificateFlags,Ivanti/Registry/Engineering Settings/EM</string>
      <string>HKEY_LOCAL_MACHINE,Software\AppSense\Environment Manager,CertificateStoresToSync,Ivanti/Registry/Engineering Settings/EM</string>
      <string>HKEY_LOCAL_MACHINE,Software\AppSense\Environment Manager,CertificateSyncPrivateKeys,Ivanti/Registry/Engineering Settings/EM</string>
      <string>HKEY_LOCAL_MACHINE,Software\AppSense\Environment Manager,CheckPolicyUrlsDirect,Ivanti/Registry/Engineering Settings/EM</string>
      <string>HKEY_LOCAL_MACHINE,Software\AppSense\Environment Manager,CitrixPicaShellName,Ivanti/Registry/Engineering Settings/EM</string>
      <string>HKEY_LOCAL_MACHINE,Software\AppSense\Environment Manager,CitrixShellName,Ivanti/Registry/Engineering Settings/EM</string>
      <string>HKEY_LOCAL_MACHINE,Software\AppSense\Environment Manager,CitrixShellNotificationCheckTimeout,Ivanti/Registry/Engineering Settings/EM</string>
      <string>HKEY_LOCAL_MACHINE,Software\AppSense\Environment Manager,CitrixShellNotificationOpenEventRetryCount,Ivanti/Registry/Engineering Settings/EM</string>
      <string>HKEY_LOCAL_MACHINE,Software\AppSense\Environment Manager,ComShellWindowsRetryCount,Ivanti/Registry/Engineering Settings/EM</string>
      <string>HKEY_LOCAL_MACHINE,Software\AppSense\Environment Manager,ComShellWindowsRetryTimeout,Ivanti/Registry/Engineering Settings/EM</string>
      <string>HKEY_LOCAL_MACHINE,Software\AppSense\Environment Manager,CompactFBR,Ivanti/Registry/Engineering Settings/EM</string>
      <string>HKEY_LOCAL_MACHINE,Software\AppSense\Environment Manager,ComputerOUThrottle,Ivanti/Registry/Engineering Settings/EM</string>
      <string>HKEY_LOCAL_MACHINE,Software\AppSense\Environment Manager,CopyFolderSingleThread,Ivanti/Registry/Engineering Settings/EM</string>
      <string>HKEY_LOCAL_MACHINE,Software\AppSense\Environment Manager,CreateRealFS,Ivanti/Registry/Engineering Settings/EM</string>
      <string>HKEY_LOCAL_MACHINE,Software\AppSense\Environment Manager,CreateSpecialPaths,Ivanti/Registry/Engineering Settings/EM</string>
      <string>HKEY_LOCAL_MACHINE,Software\AppSense\Environment Manager,CustomScriptDirectory,Ivanti/Registry/Engineering Settings/EM</string>
      <string>HKEY_LOCAL_MACHINE,Software\AppSense\Environment Manager,DebugPidReuse,Ivanti/Registry/Engineering Settings/EM</string>
      <string>HKEY_LOCAL_MACHINE,Software\AppSense\Environment Manager,DefaultShellNotify,Ivanti/Registry/Engineering Settings/EM</string>
      <string>HKEY_LOCAL_MACHINE,Software\AppSense\Environment Manager,DesktopIconsPopulationTimeout,Ivanti/Registry/Engineering Settings/EM</string>
      <string>HKEY_LOCAL_MACHINE,Software\AppSense\Environment Manager,DesktopRefreshRetries,Ivanti/Registry/Engineering Settings/EM</string>
      <string>HKEY_LOCAL_MACHINE,Software\AppSense\Environment Manager,DesktopRefreshTimeout,Ivanti/Registry/Engineering Settings/EM</string>
      <string>HKEY_LOCAL_MACHINE,Software\AppSense\Environment Manager,DisableLargeEnvBlockReinit,Ivanti/Registry/Engineering Settings/EM</string>
      <string>HKEY_LOCAL_MACHINE,Software\AppSense\Environment Manager,DisableNetEventOfflinePoll,Ivanti/Registry/Engineering Settings/EM</string>
      <string>HKEY_LOCAL_MACHINE,Software\AppSense\Environment Manager,DontSaveRestoreIconsShellList,Ivanti/Registry/Engineering Settings/EM</string>
      <string>HKEY_LOCAL_MACHINE,Software\AppSense\Environment Manager,EmLoaderClientConnectRetries,Ivanti/Registry/Engineering Settings/EM</string>
      <string>HKEY_LOCAL_MACHINE,Software\AppSense\Environment Manager,EmLoaderClientConnectTimeout,Ivanti/Registry/Engineering Settings/EM</string>
      <string>HKEY_LOCAL_MACHINE,Software\AppSense\Environment Manager,EnableCitrixShellNotificationCheck,Ivanti/Registry/Engineering Settings/EM</string>
      <string>HKEY_LOCAL_MACHINE,Software\AppSense\Environment Manager,EnableNestedComputerGroupQueries,Ivanti/Registry/Engineering Settings/EM</string>
      <string>HKEY_LOCAL_MACHINE,Software\AppSense\Environment Manager,ExecuteWaitTime,Ivanti/Registry/Engineering Settings/EM</string>
      <string>HKEY_LOCAL_MACHINE,Software\AppSense\Environment Manager,ExplicitShellProgram,Ivanti/Registry/Engineering Settings/EM</string>
      <string>HKEY_LOCAL_MACHINE,Software\AppSense\Environment Manager,FBRInitLoggingOff,Ivanti/Registry/Engineering Settings/EM</string>
      <string>HKEY_LOCAL_MACHINE,Software\AppSense\Environment Manager,FileVirtualization,Ivanti/Registry/Engineering Settings/EM</string>
      <string>HKEY_LOCAL_MACHINE,Software\AppSense\Environment Manager,ForceLogoffExit,Ivanti/Registry/Engineering Settings/EM</string>
      <string>HKEY_LOCAL_MACHINE,Software\AppSense\Environment Manager,ForceTerminateAtLogoffList,Ivanti/Registry/Engineering Settings/EM</string>
      <string>HKEY_LOCAL_MACHINE,Software\AppSense\Environment Manager,GPExtensionFlagsOverride,Ivanti/Registry/Engineering Settings/EM</string>
      <string>HKEY_LOCAL_MACHINE,Software\AppSense\Environment Manager,GetComputerDNNameFromADSystemInfoTTL,Ivanti/Registry/Engineering Settings/EM</string>
      <string>HKEY_LOCAL_MACHINE,Software\AppSense\Environment Manager,ICA_Override,Ivanti/Registry/Engineering Settings/EM</string>
      <string>HKEY_LOCAL_MACHINE,Software\AppSense\Environment Manager,IEAltTiming,Ivanti/Registry/Engineering Settings/EM</string>
      <string>HKEY_LOCAL_MACHINE,Software\AppSense\Environment Manager,KeepTempScripts,Ivanti/Registry/Engineering Settings/EM</string>
      <string>HKEY_LOCAL_MACHINE,Software\AppSense\Environment Manager,LegacyAppInit,Ivanti/Registry/Engineering Settings/EM</string>
      <string>HKEY_LOCAL_MACHINE,Software\AppSense\Environment Manager,LegacyLogoffDisabled,Ivanti/Registry/Engineering Settings/EM</string>
      <string>HKEY_LOCAL_MACHINE,Software\AppSense\Environment Manager,LogoffActionWaitTimeout,Ivanti/Registry/Engineering Settings/EM</string>
      <string>HKEY_LOCAL_MACHINE,Software\AppSense\Environment Manager,LogoffPendingTimeout,Ivanti/Registry/Engineering Settings/EM</string>
      <string>HKEY_LOCAL_MACHINE,Software\AppSense\Environment Manager,LogonActionWaitTimeout,Ivanti/Registry/Engineering Settings/EM</string>
      <string>HKEY_LOCAL_MACHINE,Software\AppSense\Environment Manager,NoHookProcesses,Ivanti/Registry/Engineering Settings/EM</string>
      <string>HKEY_LOCAL_MACHINE,Software\AppSense\Environment Manager,NodeThreadLimit,Ivanti/Registry/Engineering Settings/EM</string>
      <string>HKEY_LOCAL_MACHINE,Software\AppSense\Environment Manager,NodeTimeout,Ivanti/Registry/Engineering Settings/EM</string>
      <string>HKEY_LOCAL_MACHINE,Software\AppSense\Environment Manager,NumberSystemExecutionThreads,Ivanti/Registry/Engineering Settings/EM</string>
      <string>HKEY_LOCAL_MACHINE,Software\AppSense\Environment Manager,PortPingTimeoutSecs,Ivanti/Registry/Engineering Settings/EM</string>
      <string>HKEY_LOCAL_MACHINE,Software\AppSense\Environment Manager,PostShellTimeout,Ivanti/Registry/Engineering Settings/EM</string>
      <string>HKEY_LOCAL_MACHINE,Software\AppSense\Environment Manager,PowerShellLoadUserProfile,Ivanti/Registry/Engineering Settings/EM</string>
      <string>HKEY_LOCAL_MACHINE,Software\AppSense\Environment Manager,PowerShellRunInHost,Ivanti/Registry/Engineering Settings/EM</string>
      <string>HKEY_LOCAL_MACHINE,Software\AppSense\Environment Manager,PreStartEnabled,Ivanti/Registry/Engineering Settings/EM</string>
      <string>HKEY_LOCAL_MACHINE,Software\AppSense\Environment Manager,PreventUnapplyOnConfigChange,Ivanti/Registry/Engineering Settings/EM</string>
      <string>HKEY_LOCAL_MACHINE,Software\AppSense\Environment Manager,PrinterErrorCodes,Ivanti/Registry/Engineering Settings/EM</string>
      <string>HKEY_LOCAL_MACHINE,Software\AppSense\Environment Manager,ProcessPurgeTime,Ivanti/Registry/Engineering Settings/EM</string>
      <string>HKEY_LOCAL_MACHINE,Software\AppSense\Environment Manager,ProfilesDisabled,Ivanti/Registry/Engineering Settings/EM</string>
      <string>HKEY_LOCAL_MACHINE,Software\AppSense\Environment Manager,ReInitLargeEnvBlock,Ivanti/Registry/Engineering Settings/EM</string>
      <string>HKEY_LOCAL_MACHINE,Software\AppSense\Environment Manager,RefreshEnvironmentBlock,Ivanti/Registry/Engineering Settings/EM</string>
      <string>HKEY_LOCAL_MACHINE,Software\AppSense\Environment Manager,RefreshPostShellSettingsTimeout,Ivanti/Registry/Engineering Settings/EM</string>
      <string>HKEY_LOCAL_MACHINE,Software\AppSense\Environment Manager,RefreshWhitelist,Ivanti/Registry/Engineering Settings/EM</string>
      <string>HKEY_LOCAL_MACHINE,Software\AppSense\Environment Manager,RegexTimeout,Ivanti/Registry/Engineering Settings/EM</string>
      <string>HKEY_LOCAL_MACHINE,Software\AppSense\Environment Manager,RegisteredShellMappings,Ivanti/Registry/Engineering Settings/EM</string>
      <string>HKEY_LOCAL_MACHINE,Software\AppSense\Environment Manager,RegistryVirtualization,Ivanti/Registry/Engineering Settings/EM</string>
      <string>HKEY_LOCAL_MACHINE,Software\AppSense\Environment Manager,ReleaseEarly,Ivanti/Registry/Engineering Settings/EM</string>
      <string>HKEY_LOCAL_MACHINE,Software\AppSense\Environment Manager,RemoveForceLogoffFlag,Ivanti/Registry/Engineering Settings/EM</string>
      <string>HKEY_LOCAL_MACHINE,Software\AppSense\Environment Manager,RuleTimeout,Ivanti/Registry/Engineering Settings/EM</string>
      <string>HKEY_LOCAL_MACHINE,Software\AppSense\Environment Manager,ServiceWaitTime,Ivanti/Registry/Engineering Settings/EM</string>
      <string>HKEY_LOCAL_MACHINE,Software\AppSense\Environment Manager,ShellWindowRetries,Ivanti/Registry/Engineering Settings/EM</string>
      <string>HKEY_LOCAL_MACHINE,Software\AppSense\Environment Manager,ShutdownBailTimeout,Ivanti/Registry/Engineering Settings/EM</string>
      <string>HKEY_LOCAL_MACHINE,Software\AppSense\Environment Manager,SpoofProfileForWholeSession,Ivanti/Registry/Engineering Settings/EM</string>
      <string>HKEY_LOCAL_MACHINE,Software\AppSense\Environment Manager,SpoofRoamingProfile,Ivanti/Registry/Engineering Settings/EM</string>
      <string>HKEY_LOCAL_MACHINE,Software\AppSense\Environment Manager,StartShellProfileManagerFirst,Ivanti/Registry/Engineering Settings/EM</string>
      <string>HKEY_LOCAL_MACHINE,Software\AppSense\Environment Manager,ThreadCountOverride,Ivanti/Registry/Engineering Settings/EM</string>
      <string>HKEY_LOCAL_MACHINE,Software\AppSense\Environment Manager,TimeToWaitForSecondStageLogon,Ivanti/Registry/Engineering Settings/EM</string>
      <string>HKEY_LOCAL_MACHINE,Software\AppSense\Environment Manager,TriggerTimeout,Ivanti/Registry/Engineering Settings/EM</string>
      <string>HKEY_LOCAL_MACHINE,Software\AppSense\Environment Manager,UseAlternativeUserGroupTest,Ivanti/Registry/Engineering Settings/EM</string>
      <string>HKEY_LOCAL_MACHINE,Software\AppSense\Environment Manager,UseSens2Interface,Ivanti/Registry/Engineering Settings/EM</string>
      <string>HKEY_LOCAL_MACHINE,Software\AppSense\Environment Manager,UserGroupThrottle,Ivanti/Registry/Engineering Settings/EM</string>
      <string>HKEY_LOCAL_MACHINE,Software\AppSense\Environment Manager,ValueStorePath,Ivanti/Registry/Engineering Settings/EM</string>
      <string>HKEY_LOCAL_MACHINE,Software\AppSense\Application Manager\AsModLdr,Exceptions,Ivanti/Registry/Engineering Settings/AM</string>
      <string>HKEY_LOCAL_MACHINE,Software\AppSense Technologies\Application Manager\Engineering,AdditionalDllExtensions,Ivanti/Registry/Engineering Settings/AM</string>
      <string>HKEY_LOCAL_MACHINE,Software\AppSense Technologies\Application Manager\Engineering,ExtendedAuditInfo,Ivanti/Registry/Engineering Settings/AM</string>
      <string>HKEY_LOCAL_MACHINE,Software\AppSense Technologies\Application Manager\Engineering,MultipleHostsSameIP,Ivanti/Registry/Engineering Settings/AM</string>
      <string>HKEY_LOCAL_MACHINE,Software\AppSense Technologies\Application Manager\Engineering,NetEnableRevDNS,Ivanti/Registry/Engineering Settings/AM</string>
      <string>HKEY_LOCAL_MACHINE,Software\AppSense Technologies\Application Manager\Engineering,NetEnableRevDNSList,Ivanti/Registry/Engineering Settings/AM</string>
      <string>HKEY_LOCAL_MACHINE,Software\AppSense Technologies\Application Manager\Engineering,RevDNSList,Ivanti/Registry/Engineering Settings/AM</string>
      <string>HKEY_LOCAL_MACHINE,Software\AppSense Technologies\Application Manager\Engineering,AppInitDllPositionType,Ivanti/Registry/Engineering Settings/AM</string>
      <string>HKEY_LOCAL_MACHINE,Software\AppSense Technologies\Application Manager\Engineering,DisableAppV5AppCheck,Ivanti/Registry/Engineering Settings/AM</string>
      <string>HKEY_LOCAL_MACHINE,Software\AppSense Technologies\Application Manager\Engineering,DisableSESecondDesktop,Ivanti/Registry/Engineering Settings/AM</string>
      <string>HKEY_LOCAL_MACHINE,Software\AppSense Technologies\Application Manager\Engineering,TVChecking,Ivanti/Registry/Engineering Settings/AM</string>
      <string>HKEY_LOCAL_MACHINE,Software\AppSense Technologies\Application Manager\Engineering,ImageHijackDetectionInclude,Ivanti/Registry/Engineering Settings/AM</string>
      <string>HKEY_LOCAL_MACHINE,Software\AppSense Technologies\Application Manager\Engineering,AppHookEx,Ivanti/Registry/Engineering Settings/AM</string>
      <string>HKEY_LOCAL_MACHINE,Software\AppSense Technologies\Application Manager\Engineering,RdmHookEx,Ivanti/Registry/Engineering Settings/AM</string>
      <string>HKEY_LOCAL_MACHINE,Software\AppSense Technologies\Application Manager\Engineering,UrmHookEx,Ivanti/Registry/Engineering Settings/AM</string>
      <string>HKEY_LOCAL_MACHINE,Software\AppSense Technologies\Application Manager\Engineering,UrmSecPolicy,Ivanti/Registry/Engineering Settings/AM</string>
      <string>HKEY_LOCAL_MACHINE,Software\AppSense Technologies\Application Manager\Engineering,baseconfigmergebehavior,Ivanti/Registry/Engineering Settings/AM</string>
      <string>HKEY_LOCAL_MACHINE,Software\AppSense Technologies\Application Manager\Engineering,DirectHookNames,Ivanti/Registry/Engineering Settings/AM</string>
      <string>HKEY_LOCAL_MACHINE,Software\AppSense Technologies\Application Manager\Engineering,DoNotWalkTree,Ivanti/Registry/Engineering Settings/AM</string>
      <string>HKEY_LOCAL_MACHINE,Software\AppSense Technologies\Application Manager\Engineering,OwnershipChange,Ivanti/Registry/Engineering Settings/AM</string>
      <string>HKEY_LOCAL_MACHINE,Software\AppSense Technologies\Application Manager\Engineering,UrmPauseConsoleExit,Ivanti/Registry/Engineering Settings/AM</string>
      <string>HKEY_LOCAL_MACHINE,Software\AppSense Technologies\Application Manager\Engineering,RemoveDFSCheckOne,Ivanti/Registry/Engineering Settings/AM</string>
      <string>HKEY_LOCAL_MACHINE,Software\AppSense Technologies\Application Manager\Engineering,AlternateTOCheck,Ivanti/Registry/Engineering Settings/AM</string>
      <string>HKEY_LOCAL_MACHINE,Software\AppSense Technologies\Application Manager\Engineering,ExplicitShellProgram,Ivanti/Registry/Engineering Settings/AM</string>
      <string>HKEY_LOCAL_MACHINE,Software\AppSense Technologies\Application Manager\Engineering,GroupSidRefresh,Ivanti/Registry/Engineering Settings/AM</string>
      <string>HKEY_LOCAL_MACHINE,Software\AppSense Technologies\Application Manager\DriverParameters,StopOnFullType,Ivanti/Registry/Engineering Settings/AM</string>
      <string>HKEY_LOCAL_MACHINE,Software\AppSense Technologies\Application Manager\DriverParameters,StopOnTOType,Ivanti/Registry/Engineering Settings/AM</string>
      <string>HKEY_LOCAL_MACHINE,Software\AppSense Technologies\Application Manager\DriverParameters,MiniStopOnTOType,Ivanti/Registry/Engineering Settings/AM</string>
      <string>HKEY_LOCAL_MACHINE,Software\AppSense Technologies\Application Manager\DriverParameters,FilterNumTOType,Ivanti/Registry/Engineering Settings/AM</string>
      <string>HKEY_LOCAL_MACHINE,Software\AppSense Technologies\Application Manager\DriverParameters,MiniNumTOType,Ivanti/Registry/Engineering Settings/AM</string>
      <string>HKEY_LOCAL_MACHINE,Software\AppSense Technologies\Application Manager\DriverParameters,StopOnFull,Ivanti/Registry/Engineering Settings/AM</string>
      <string>HKEY_LOCAL_MACHINE,Software\AppSense Technologies\Application Manager\DriverParameters,StopOnTO,Ivanti/Registry/Engineering Settings/AM</string>
      <string>HKEY_LOCAL_MACHINE,Software\AppSense Technologies\Application Manager\DriverParameters,MiniStopOnTO,Ivanti/Registry/Engineering Settings/AM</string>
      <string>HKEY_LOCAL_MACHINE,Software\AppSense Technologies\Application Manager\DriverParameters,FilterNumTO,Ivanti/Registry/Engineering Settings/AM</string>
      <string>HKEY_LOCAL_MACHINE,Software\AppSense Technologies\Application Manager\DriverParameters,MiniNumTO,Ivanti/Registry/Engineering Settings/AM</string>
      <string>HKEY_LOCAL_MACHINE,Software\AppSense Technologies\Application Manager\DriverParameters,KernelDebugging,Ivanti/Registry/Engineering Settings/AM</string>
      <string>HKEY_LOCAL_MACHINE,Software\AppSense Technologies\Application Manager\DriverParameters,ExProcessNames,Ivanti/Registry/Engineering Settings/AM</string>
      <string>HKEY_LOCAL_MACHINE,Software\AppSense Technologies\Application Manager\HookConfig\Engineering,AppHookEx,Ivanti/Registry/Engineering Settings/AM</string>
      <string>HKEY_LOCAL_MACHINE,Software\AppSense Technologies\Application Manager\HookConfig\Engineering,BrowserHookEx,Ivanti/Registry/Engineering Settings/AM</string>
      <string>HKEY_LOCAL_MACHINE,Software\AppSense Technologies\Application Manager\HookConfig\Engineering,ImageHijackDetectionInclude,Ivanti/Registry/Engineering Settings/AM</string>
      <string>HKEY_LOCAL_MACHINE,Software\AppSense Technologies\Application Manager\HookConfig\Engineering,UrmHookEx,Ivanti/Registry/Engineering Settings/AM</string>
      <string>HKEY_LOCAL_MACHINE,Software\AppSense Technologies\Communications Agent,install at boot after missed schedule,Ivanti/Registry/Engineering Settings/CCA</string>
      <string>HKEY_LOCAL_MACHINE,Software\AppSense Technologies\Communications Agent,installation timeout,Ivanti/Registry/Engineering Settings/CCA</string>
      <string>HKEY_LOCAL_MACHINE,Software\AppSense Technologies\Communications Agent,disable native config security,Ivanti/Registry/Engineering Settings/CCA</string>
      <string>HKEY_LOCAL_MACHINE,Software\AppSense Technologies\Communications Agent,Max Seconds Wait For Network,Ivanti/Registry/Engineering Settings/CCA</string>
      <string>HKEY_LOCAL_MACHINE,Software\AppSense Technologies\Communications Agent,download startup max retry,Ivanti/Registry/Engineering Settings/CCA</string>
      <string>HKEY_LOCAL_MACHINE,Software\AppSense Technologies\Communications Agent,download startup retry interval,Ivanti/Registry/Engineering Settings/CCA</string>
      <string>HKEY_LOCAL_MACHINE,Software\AppSense\DataNow,AdditionalDebugFlags,Ivanti/Registry/Engineering Settings/Datanow</string>
      <string>HKEY_LOCAL_MACHINE,Software\AppSense\DataNow,AuthRetryInterval,Ivanti/Registry/Engineering Settings/Datanow</string>
      <string>HKEY_LOCAL_MACHINE,Software\AppSense\DataNow,AuthRetryLimit,Ivanti/Registry/Engineering Settings/Datanow</string>
      <string>HKEY_LOCAL_MACHINE,Software\AppSense\DataNow,AutoErrorLogging,Ivanti/Registry/Engineering Settings/Datanow</string>
      <string>HKEY_LOCAL_MACHINE,Software\AppSense\DataNow,AutoThrottleMaxPolicyWait,Ivanti/Registry/Engineering Settings/Datanow</string>
      <string>HKEY_LOCAL_MACHINE,Software\AppSense\DataNow,BackgroundSyncCooldownTime,Ivanti/Registry/Engineering Settings/Datanow</string>
      <string>HKEY_LOCAL_MACHINE,Software\AppSense\DataNow,BackgroundSyncFailedJobRetryTime,Ivanti/Registry/Engineering Settings/Datanow</string>
      <string>HKEY_LOCAL_MACHINE,Software\AppSense\DataNow,CacheExpiryTime,Ivanti/Registry/Engineering Settings/Datanow</string>
      <string>HKEY_LOCAL_MACHINE,Software\AppSense\DataNow,CompareAttributesMask,Ivanti/Registry/Engineering Settings/Datanow</string>
      <string>HKEY_LOCAL_MACHINE,Software\AppSense\DataNow,DataNowPollPeriod,Ivanti/Registry/Engineering Settings/Datanow</string>
      <string>HKEY_LOCAL_MACHINE,Software\AppSense\DataNow,DefineKBLogging,Ivanti/Registry/Engineering Settings/Datanow</string>
      <string>HKEY_LOCAL_MACHINE,Software\AppSense\DataNow,DisableDeleteAuditing,Ivanti/Registry/Engineering Settings/Datanow</string>
      <string>HKEY_LOCAL_MACHINE,Software\AppSense\DataNow,DisableDiagnosticsMenu,Ivanti/Registry/Engineering Settings/Datanow</string>
      <string>HKEY_LOCAL_MACHINE,Software\AppSense\DataNow,DisableLoopbackInstallation,Ivanti/Registry/Engineering Settings/Datanow</string>
      <string>HKEY_LOCAL_MACHINE,Software\AppSense\DataNow,DisableLostAndFound,Ivanti/Registry/Engineering Settings/Datanow</string>
      <string>HKEY_LOCAL_MACHINE,Software\AppSense\DataNow,DisableSearchIndexing,Ivanti/Registry/Engineering Settings/Datanow</string>
      <string>HKEY_LOCAL_MACHINE,Software\AppSense\DataNow,DiscoverChangesOnMove,Ivanti/Registry/Engineering Settings/Datanow</string>
      <string>HKEY_LOCAL_MACHINE,Software\AppSense\DataNow,DownloadThreadpoolSize,Ivanti/Registry/Engineering Settings/Datanow</string>
      <string>HKEY_LOCAL_MACHINE,Software\AppSense\DataNow,EnableFileServerUploadRequestTimeoutMessage,Ivanti/Registry/Engineering Settings/Datanow</string>
      <string>HKEY_LOCAL_MACHINE,Software\AppSense\DataNow,ExplorerFolderListFrequency,Ivanti/Registry/Engineering Settings/Datanow</string>
      <string>HKEY_LOCAL_MACHINE,Software\AppSense\DataNow,FailedUploadRetryTimeMax,Ivanti/Registry/Engineering Settings/Datanow</string>
      <string>HKEY_LOCAL_MACHINE,Software\AppSense\DataNow,FailedUploadRetryTimeMin,Ivanti/Registry/Engineering Settings/Datanow</string>
      <string>HKEY_LOCAL_MACHINE,Software\AppSense\DataNow,ForceManualMode,Ivanti/Registry/Engineering Settings/Datanow</string>
      <string>HKEY_LOCAL_MACHINE,Software\AppSense\DataNow,HTTPConnectionRequestTimeout,Ivanti/Registry/Engineering Settings/Datanow</string>
      <string>HKEY_LOCAL_MACHINE,Software\AppSense\DataNow,HTTPDeltaReceiveResponseTimeout,Ivanti/Registry/Engineering Settings/Datanow</string>
      <string>HKEY_LOCAL_MACHINE,Software\AppSense\DataNow,HTTPDeltaSendRequestTimeout,Ivanti/Registry/Engineering Settings/Datanow</string>
      <string>HKEY_LOCAL_MACHINE,Software\AppSense\DataNow,HTTPNameResolutionTimeout,Ivanti/Registry/Engineering Settings/Datanow</string>
      <string>HKEY_LOCAL_MACHINE,Software\AppSense\DataNow,HTTPReceiveResponseTimeout,Ivanti/Registry/Engineering Settings/Datanow</string>
      <string>HKEY_LOCAL_MACHINE,Software\AppSense\DataNow,HTTPSendRequestTimeout,Ivanti/Registry/Engineering Settings/Datanow</string>
      <string>HKEY_LOCAL_MACHINE,Software\AppSense\DataNow,HookInjectFailureRetryInterval,Ivanti/Registry/Engineering Settings/Datanow</string>
      <string>HKEY_LOCAL_MACHINE,Software\AppSense\DataNow,HookInjectRetryCount,Ivanti/Registry/Engineering Settings/Datanow</string>
      <string>HKEY_LOCAL_MACHINE,Software\AppSense\DataNow,LFFolderName,Ivanti/Registry/Engineering Settings/Datanow</string>
      <string>HKEY_LOCAL_MACHINE,Software\AppSense\DataNow,ListingAttributeCheckThreshold,Ivanti/Registry/Engineering Settings/Datanow</string>
      <string>HKEY_LOCAL_MACHINE,Software\AppSense\DataNow,LoggingFolder,Ivanti/Registry/Engineering Settings/Datanow</string>
      <string>HKEY_LOCAL_MACHINE,Software\AppSense\DataNow,NetworkLossTimeout,Ivanti/Registry/Engineering Settings/Datanow</string>
      <string>HKEY_LOCAL_MACHINE,Software\AppSense\DataNow,NumBackgroundSyncThreads,Ivanti/Registry/Engineering Settings/Datanow</string>
      <string>HKEY_LOCAL_MACHINE,Software\AppSense\DataNow,OfflineDrivePollPeriod,Ivanti/Registry/Engineering Settings/Datanow</string>
      <string>HKEY_LOCAL_MACHINE,Software\AppSense\DataNow,OfflineMappointTimeout,Ivanti/Registry/Engineering Settings/Datanow</string>
      <string>HKEY_LOCAL_MACHINE,Software\AppSense\DataNow,OfflinePollMax,Ivanti/Registry/Engineering Settings/Datanow</string>
      <string>HKEY_LOCAL_MACHINE,Software\AppSense\DataNow,OptimizeLeafFolders,Ivanti/Registry/Engineering Settings/Datanow</string>
      <string>HKEY_LOCAL_MACHINE,Software\AppSense\DataNow,PermitILSOutsideProfile,Ivanti/Registry/Engineering Settings/Datanow</string>
      <string>HKEY_LOCAL_MACHINE,Software\AppSense\DataNow,ProcessBlacklist,Ivanti/Registry/Engineering Settings/Datanow</string>
      <string>HKEY_LOCAL_MACHINE,Software\AppSense\DataNow,ProcessesUsingAsyncListings,Ivanti/Registry/Engineering Settings/Datanow</string>
      <string>HKEY_LOCAL_MACHINE,Software\AppSense\DataNow,RecycleServerSideDeletions,Ivanti/Registry/Engineering Settings/Datanow</string>
      <string>HKEY_LOCAL_MACHINE,Software\AppSense\DataNow,RedirectionOverrides,Ivanti/Registry/Engineering Settings/Datanow</string>
      <string>HKEY_LOCAL_MACHINE,Software\AppSense\DataNow,RefreshFlushInterval,Ivanti/Registry/Engineering Settings/Datanow</string>
      <string>HKEY_LOCAL_MACHINE,Software\AppSense\DataNow,RegistryWatcherCooldownTime,Ivanti/Registry/Engineering Settings/Datanow</string>
      <string>HKEY_LOCAL_MACHINE,Software\AppSense\DataNow,RegistryWatcherKeyCreationPollInterval,Ivanti/Registry/Engineering Settings/Datanow</string>
      <string>HKEY_LOCAL_MACHINE,Software\AppSense\DataNow,RetryOnLockedFileCount,Ivanti/Registry/Engineering Settings/Datanow</string>
      <string>HKEY_LOCAL_MACHINE,Software\AppSense\DataNow,ServerLockCacheTime,Ivanti/Registry/Engineering Settings/Datanow</string>
      <string>HKEY_LOCAL_MACHINE,Software\AppSense\DataNow,ServerLockCooldownTime,Ivanti/Registry/Engineering Settings/Datanow</string>
      <string>HKEY_LOCAL_MACHINE,Software\AppSense\DataNow,ServerLockHTTPTimeout,Ivanti/Registry/Engineering Settings/Datanow</string>
      <string>HKEY_LOCAL_MACHINE,Software\AppSense\DataNow,ServerLockLeaseTime,Ivanti/Registry/Engineering Settings/Datanow</string>
      <string>HKEY_LOCAL_MACHINE,Software\AppSense\DataNow,ServerLockMaxLeaseTime,Ivanti/Registry/Engineering Settings/Datanow</string>
      <string>HKEY_LOCAL_MACHINE,Software\AppSense\DataNow,ServerLockRenewalRetryTimeMax,Ivanti/Registry/Engineering Settings/Datanow</string>
      <string>HKEY_LOCAL_MACHINE,Software\AppSense\DataNow,ServerLockRenewalRetryTimeMin,Ivanti/Registry/Engineering Settings/Datanow</string>
      <string>HKEY_LOCAL_MACHINE,Software\AppSense\DataNow,ServerLockRenewalTime,Ivanti/Registry/Engineering Settings/Datanow</string>
      <string>HKEY_LOCAL_MACHINE,Software\AppSense\DataNow,ServerLockingEnabled,Ivanti/Registry/Engineering Settings/Datanow</string>
      <string>HKEY_LOCAL_MACHINE,Software\AppSense\DataNow,ServerLockingProcessWhitelist,Ivanti/Registry/Engineering Settings/Datanow</string>
      <string>HKEY_LOCAL_MACHINE,Software\AppSense\DataNow,SessionStartupWaitTime,Ivanti/Registry/Engineering Settings/Datanow</string>
      <string>HKEY_LOCAL_MACHINE,Software\AppSense\DataNow,ShadowSnapshotTimeout,Ivanti/Registry/Engineering Settings/Datanow</string>
      <string>HKEY_LOCAL_MACHINE,Software\AppSense\DataNow,ShadowSyncFileTypes,Ivanti/Registry/Engineering Settings/Datanow</string>
      <string>HKEY_LOCAL_MACHINE,Software\AppSense\DataNow,ShadowSyncWriteCooldown,Ivanti/Registry/Engineering Settings/Datanow</string>
      <string>HKEY_LOCAL_MACHINE,Software\AppSense\DataNow,SlowOperationMessageThreshold,Ivanti/Registry/Engineering Settings/Datanow</string>
      <string>HKEY_LOCAL_MACHINE,Software\AppSense\DataNow,SyncThreadpoolSize,Ivanti/Registry/Engineering Settings/Datanow</string>
      <string>HKEY_LOCAL_MACHINE,Software\AppSense\DataNow,TrayStartupPollInterval,Ivanti/Registry/Engineering Settings/Datanow</string>
      <string>HKEY_LOCAL_MACHINE,Software\AppSense\DataNow,TrayStartupWaitTime,Ivanti/Registry/Engineering Settings/Datanow</string>
      <string>HKEY_LOCAL_MACHINE,Software\AppSense\DataNow,UploadExpiry,Ivanti/Registry/Engineering Settings/Datanow</string>
      <string>HKEY_LOCAL_MACHINE,Software\AppSense\DataNow,UploadIdleTime,Ivanti/Registry/Engineering Settings/Datanow</string>
      <string>HKEY_LOCAL_MACHINE,Software\AppSense\DataNow,UploadLockPollInterval,Ivanti/Registry/Engineering Settings/Datanow</string>
      <string>HKEY_LOCAL_MACHINE,Software\AppSense\DataNow,UploadLockWait,Ivanti/Registry/Engineering Settings/Datanow</string>
      <string>HKEY_LOCAL_MACHINE,Software\AppSense\DataNow,UploadRetries,Ivanti/Registry/Engineering Settings/Datanow</string>
      <string>HKEY_LOCAL_MACHINE,Software\AppSense\DataNow,UploadThreadpoolSize,Ivanti/Registry/Engineering Settings/Datanow</string>
      <string>HKEY_LOCAL_MACHINE,Software\Policies\AppSense\DataNow,AdditionalDebugFlags,Ivanti/Registry/Engineering Settings/Datanow</string>
      <string>HKEY_LOCAL_MACHINE,Software\Policies\AppSense\DataNow,AuthRetryInterval,Ivanti/Registry/Engineering Settings/Datanow</string>
      <string>HKEY_LOCAL_MACHINE,Software\Policies\AppSense\DataNow,AuthRetryLimit,Ivanti/Registry/Engineering Settings/Datanow</string>
      <string>HKEY_LOCAL_MACHINE,Software\Policies\AppSense\DataNow,AutoErrorLogging,Ivanti/Registry/Engineering Settings/Datanow</string>
      <string>HKEY_LOCAL_MACHINE,Software\Policies\AppSense\DataNow,AutoThrottleMaxPolicyWait,Ivanti/Registry/Engineering Settings/Datanow</string>
      <string>HKEY_LOCAL_MACHINE,Software\Policies\AppSense\DataNow,BackgroundSyncCooldownTime,Ivanti/Registry/Engineering Settings/Datanow</string>
      <string>HKEY_LOCAL_MACHINE,Software\Policies\AppSense\DataNow,BackgroundSyncFailedJobRetryTime,Ivanti/Registry/Engineering Settings/Datanow</string>
      <string>HKEY_LOCAL_MACHINE,Software\Policies\AppSense\DataNow,CacheExpiryTime,Ivanti/Registry/Engineering Settings/Datanow</string>
      <string>HKEY_LOCAL_MACHINE,Software\Policies\AppSense\DataNow,CompareAttributesMask,Ivanti/Registry/Engineering Settings/Datanow</string>
      <string>HKEY_LOCAL_MACHINE,Software\Policies\AppSense\DataNow,DataNowPollPeriod,Ivanti/Registry/Engineering Settings/Datanow</string>
      <string>HKEY_LOCAL_MACHINE,Software\Policies\AppSense\DataNow,DefineKBLogging,Ivanti/Registry/Engineering Settings/Datanow</string>
      <string>HKEY_LOCAL_MACHINE,Software\Policies\AppSense\DataNow,DisableDeleteAuditing,Ivanti/Registry/Engineering Settings/Datanow</string>
      <string>HKEY_LOCAL_MACHINE,Software\Policies\AppSense\DataNow,DisableDiagnosticsMenu,Ivanti/Registry/Engineering Settings/Datanow</string>
      <string>HKEY_LOCAL_MACHINE,Software\Policies\AppSense\DataNow,DisableLoopbackInstallation,Ivanti/Registry/Engineering Settings/Datanow</string>
      <string>HKEY_LOCAL_MACHINE,Software\Policies\AppSense\DataNow,DisableLostAndFound,Ivanti/Registry/Engineering Settings/Datanow</string>
      <string>HKEY_LOCAL_MACHINE,Software\Policies\AppSense\DataNow,DisableSearchIndexing,Ivanti/Registry/Engineering Settings/Datanow</string>
      <string>HKEY_LOCAL_MACHINE,Software\Policies\AppSense\DataNow,DiscoverChangesOnMove,Ivanti/Registry/Engineering Settings/Datanow</string>
      <string>HKEY_LOCAL_MACHINE,Software\Policies\AppSense\DataNow,DownloadThreadpoolSize,Ivanti/Registry/Engineering Settings/Datanow</string>
      <string>HKEY_LOCAL_MACHINE,Software\Policies\AppSense\DataNow,EnableFileServerUploadRequestTimeoutMessage,Ivanti/Registry/Engineering Settings/Datanow</string>
      <string>HKEY_LOCAL_MACHINE,Software\Policies\AppSense\DataNow,ExplorerFolderListFrequency,Ivanti/Registry/Engineering Settings/Datanow</string>
      <string>HKEY_LOCAL_MACHINE,Software\Policies\AppSense\DataNow,FailedUploadRetryTimeMax,Ivanti/Registry/Engineering Settings/Datanow</string>
      <string>HKEY_LOCAL_MACHINE,Software\Policies\AppSense\DataNow,FailedUploadRetryTimeMin,Ivanti/Registry/Engineering Settings/Datanow</string>
      <string>HKEY_LOCAL_MACHINE,Software\Policies\AppSense\DataNow,ForceManualMode,Ivanti/Registry/Engineering Settings/Datanow</string>
      <string>HKEY_LOCAL_MACHINE,Software\Policies\AppSense\DataNow,HTTPConnectionRequestTimeout,Ivanti/Registry/Engineering Settings/Datanow</string>
      <string>HKEY_LOCAL_MACHINE,Software\Policies\AppSense\DataNow,HTTPDeltaReceiveResponseTimeout,Ivanti/Registry/Engineering Settings/Datanow</string>
      <string>HKEY_LOCAL_MACHINE,Software\Policies\AppSense\DataNow,HTTPDeltaSendRequestTimeout,Ivanti/Registry/Engineering Settings/Datanow</string>
      <string>HKEY_LOCAL_MACHINE,Software\Policies\AppSense\DataNow,HTTPNameResolutionTimeout,Ivanti/Registry/Engineering Settings/Datanow</string>
      <string>HKEY_LOCAL_MACHINE,Software\Policies\AppSense\DataNow,HTTPReceiveResponseTimeout,Ivanti/Registry/Engineering Settings/Datanow</string>
      <string>HKEY_LOCAL_MACHINE,Software\Policies\AppSense\DataNow,HTTPSendRequestTimeout,Ivanti/Registry/Engineering Settings/Datanow</string>
      <string>HKEY_LOCAL_MACHINE,Software\Policies\AppSense\DataNow,HookInjectFailureRetryInterval,Ivanti/Registry/Engineering Settings/Datanow</string>
      <string>HKEY_LOCAL_MACHINE,Software\Policies\AppSense\DataNow,HookInjectRetryCount,Ivanti/Registry/Engineering Settings/Datanow</string>
      <string>HKEY_LOCAL_MACHINE,Software\Policies\AppSense\DataNow,LFFolderName,Ivanti/Registry/Engineering Settings/Datanow</string>
      <string>HKEY_LOCAL_MACHINE,Software\Policies\AppSense\DataNow,ListingAttributeCheckThreshold,Ivanti/Registry/Engineering Settings/Datanow</string>
      <string>HKEY_LOCAL_MACHINE,Software\Policies\AppSense\DataNow,LoggingFolder,Ivanti/Registry/Engineering Settings/Datanow</string>
      <string>HKEY_LOCAL_MACHINE,Software\Policies\AppSense\DataNow,NetworkLossTimeout,Ivanti/Registry/Engineering Settings/Datanow</string>
      <string>HKEY_LOCAL_MACHINE,Software\Policies\AppSense\DataNow,NumBackgroundSyncThreads,Ivanti/Registry/Engineering Settings/Datanow</string>
      <string>HKEY_LOCAL_MACHINE,Software\Policies\AppSense\DataNow,OfflineDrivePollPeriod,Ivanti/Registry/Engineering Settings/Datanow</string>
      <string>HKEY_LOCAL_MACHINE,Software\Policies\AppSense\DataNow,OfflineMappointTimeout,Ivanti/Registry/Engineering Settings/Datanow</string>
      <string>HKEY_LOCAL_MACHINE,Software\Policies\AppSense\DataNow,OfflinePollMax,Ivanti/Registry/Engineering Settings/Datanow</string>
      <string>HKEY_LOCAL_MACHINE,Software\Policies\AppSense\DataNow,OptimizeLeafFolders,Ivanti/Registry/Engineering Settings/Datanow</string>
      <string>HKEY_LOCAL_MACHINE,Software\Policies\AppSense\DataNow,PermitILSOutsideProfile,Ivanti/Registry/Engineering Settings/Datanow</string>
      <string>HKEY_LOCAL_MACHINE,Software\Policies\AppSense\DataNow,ProcessBlacklist,Ivanti/Registry/Engineering Settings/Datanow</string>
      <string>HKEY_LOCAL_MACHINE,Software\Policies\AppSense\DataNow,ProcessesUsingAsyncListings,Ivanti/Registry/Engineering Settings/Datanow</string>
      <string>HKEY_LOCAL_MACHINE,Software\Policies\AppSense\DataNow,RecycleServerSideDeletions,Ivanti/Registry/Engineering Settings/Datanow</string>
      <string>HKEY_LOCAL_MACHINE,Software\Policies\AppSense\DataNow,RedirectionOverrides,Ivanti/Registry/Engineering Settings/Datanow</string>
      <string>HKEY_LOCAL_MACHINE,Software\Policies\AppSense\DataNow,RefreshFlushInterval,Ivanti/Registry/Engineering Settings/Datanow</string>
      <string>HKEY_LOCAL_MACHINE,Software\Policies\AppSense\DataNow,RegistryWatcherCooldownTime,Ivanti/Registry/Engineering Settings/Datanow</string>
      <string>HKEY_LOCAL_MACHINE,Software\Policies\AppSense\DataNow,RegistryWatcherKeyCreationPollInterval,Ivanti/Registry/Engineering Settings/Datanow</string>
      <string>HKEY_LOCAL_MACHINE,Software\Policies\AppSense\DataNow,RetryOnLockedFileCount,Ivanti/Registry/Engineering Settings/Datanow</string>
      <string>HKEY_LOCAL_MACHINE,Software\Policies\AppSense\DataNow,ServerLockCacheTime,Ivanti/Registry/Engineering Settings/Datanow</string>
      <string>HKEY_LOCAL_MACHINE,Software\Policies\AppSense\DataNow,ServerLockCooldownTime,Ivanti/Registry/Engineering Settings/Datanow</string>
      <string>HKEY_LOCAL_MACHINE,Software\Policies\AppSense\DataNow,ServerLockHTTPTimeout,Ivanti/Registry/Engineering Settings/Datanow</string>
      <string>HKEY_LOCAL_MACHINE,Software\Policies\AppSense\DataNow,ServerLockLeaseTime,Ivanti/Registry/Engineering Settings/Datanow</string>
      <string>HKEY_LOCAL_MACHINE,Software\Policies\AppSense\DataNow,ServerLockMaxLeaseTime,Ivanti/Registry/Engineering Settings/Datanow</string>
      <string>HKEY_LOCAL_MACHINE,Software\Policies\AppSense\DataNow,ServerLockRenewalRetryTimeMax,Ivanti/Registry/Engineering Settings/Datanow</string>
      <string>HKEY_LOCAL_MACHINE,Software\Policies\AppSense\DataNow,ServerLockRenewalRetryTimeMin,Ivanti/Registry/Engineering Settings/Datanow</string>
      <string>HKEY_LOCAL_MACHINE,Software\Policies\AppSense\DataNow,ServerLockRenewalTime,Ivanti/Registry/Engineering Settings/Datanow</string>
      <string>HKEY_LOCAL_MACHINE,Software\Policies\AppSense\DataNow,ServerLockingEnabled,Ivanti/Registry/Engineering Settings/Datanow</string>
      <string>HKEY_LOCAL_MACHINE,Software\Policies\AppSense\DataNow,ServerLockingProcessWhitelist,Ivanti/Registry/Engineering Settings/Datanow</string>
      <string>HKEY_LOCAL_MACHINE,Software\Policies\AppSense\DataNow,SessionStartupWaitTime,Ivanti/Registry/Engineering Settings/Datanow</string>
      <string>HKEY_LOCAL_MACHINE,Software\Policies\AppSense\DataNow,ShadowSnapshotTimeout,Ivanti/Registry/Engineering Settings/Datanow</string>
      <string>HKEY_LOCAL_MACHINE,Software\Policies\AppSense\DataNow,ShadowSyncFileTypes,Ivanti/Registry/Engineering Settings/Datanow</string>
      <string>HKEY_LOCAL_MACHINE,Software\Policies\AppSense\DataNow,ShadowSyncWriteCooldown,Ivanti/Registry/Engineering Settings/Datanow</string>
      <string>HKEY_LOCAL_MACHINE,Software\Policies\AppSense\DataNow,SlowOperationMessageThreshold,Ivanti/Registry/Engineering Settings/Datanow</string>
      <string>HKEY_LOCAL_MACHINE,Software\Policies\AppSense\DataNow,SyncThreadpoolSize,Ivanti/Registry/Engineering Settings/Datanow</string>
      <string>HKEY_LOCAL_MACHINE,Software\Policies\AppSense\DataNow,TrayStartupPollInterval,Ivanti/Registry/Engineering Settings/Datanow</string>
      <string>HKEY_LOCAL_MACHINE,Software\Policies\AppSense\DataNow,TrayStartupWaitTime,Ivanti/Registry/Engineering Settings/Datanow</string>
      <string>HKEY_LOCAL_MACHINE,Software\Policies\AppSense\DataNow,UploadExpiry,Ivanti/Registry/Engineering Settings/Datanow</string>
      <string>HKEY_LOCAL_MACHINE,Software\Policies\AppSense\DataNow,UploadIdleTime,Ivanti/Registry/Engineering Settings/Datanow</string>
      <string>HKEY_LOCAL_MACHINE,Software\Policies\AppSense\DataNow,UploadLockPollInterval,Ivanti/Registry/Engineering Settings/Datanow</string>
      <string>HKEY_LOCAL_MACHINE,Software\Policies\AppSense\DataNow,UploadLockWait,Ivanti/Registry/Engineering Settings/Datanow</string>
      <string>HKEY_LOCAL_MACHINE,Software\Policies\AppSense\DataNow,UploadRetries,Ivanti/Registry/Engineering Settings/Datanow</string>
      <string>HKEY_LOCAL_MACHINE,Software\Policies\AppSense\DataNow,UploadThreadpoolSize,Ivanti/Registry/Engineering Settings/Datanow</string>
    </args>
    <uiGroup>Registry (NFO)</uiGroup>
  </Instruction>
  <Instruction>
    <type>CollectRegNFO</type>
    <description>AppSense User Registry Items</description>
    <isEnabled>true</isEnabled>
    <args>
      <string>HKEY_USERS\Software\AppSense</string>
      <string>SystemInfo2.nfo</string>
    </args>
    <uiGroup>Registry (NFO)</uiGroup>
  </Instruction>
  <Instruction>
    <type>CollectRegNFO</type>
    <description>AppSense Registry Items</description>
    <isEnabled>true</isEnabled>
    <args>
      <string>HKEY_LOCAL_MACHINE\Software\AppSense</string>
      <string>SystemInfo2.nfo</string>
    </args>
    <uiGroup>Registry (NFO)</uiGroup>
  </Instruction>
  <Instruction>
    <type>CollectRegNFO</type>
    <description>RES Registry Items</description>
    <isEnabled>true</isEnabled>
    <args>
      <string>HKEY_LOCAL_MACHINE\SOFTWARE\RES</string>
      <string>SystemInfo2.nfo</string>
    </args>
    <uiGroup>Registry (NFO)</uiGroup>
  </Instruction>
  <Instruction>
    <type>CollectRegNFO</type>
    <description>LANDesk Registry Items</description>
    <isEnabled>true</isEnabled>
    <args>
      <string>HKEY_LOCAL_MACHINE\SOFTWARE\LANDESK</string>
      <string>SystemInfo2.nfo</string>
    </args>
    <uiGroup>Registry (NFO)</uiGroup>
  </Instruction>
  <Instruction>
    <type>CollectRegNFO</type>
    <description>AppSense Wow6432 Registry Items</description>
    <isEnabled>true</isEnabled>
    <args>
      <string>HKEY_LOCAL_MACHINE\Software\Wow6432node\AppSense</string>
      <string>SystemInfo2.nfo</string>
    </args>
    <uiGroup>Registry (NFO)</uiGroup>
  </Instruction>
  <Instruction>
    <type>CollectRegNFO</type>
    <description>AppSense HKCU Registry Items</description>
    <isEnabled>true</isEnabled>
    <args>
      <string>HKEY_CURRENT_USER\Software\AppSense</string>
      <string>SystemInfo2.nfo</string>
    </args>
    <uiGroup>Registry (NFO)</uiGroup>
  </Instruction>
  <Instruction>
    <type>CollectRegNFO</type>
    <description>Run Key</description>
    <isEnabled>true</isEnabled>
    <args>
      <string>HKEY_LOCAL_MACHINE\SOFTWARE\Microsoft\Windows\CurrentVersion\Run</string>
      <string>SystemInfo2.nfo</string>
    </args>
    <uiGroup>Registry (NFO)</uiGroup>
  </Instruction>
  <Instruction>
    <type>CollectRegNFO</type>
    <description>RunOnce Key</description>
    <isEnabled>true</isEnabled>
    <args>
      <string>HKEY_LOCAL_MACHINE\SOFTWARE\Microsoft\Windows\CurrentVersion\RunOnce</string>
      <string>SystemInfo2.nfo</string>
    </args>
    <uiGroup>Registry (NFO)</uiGroup>
  </Instruction>
  <Instruction>
    <type>CollectRegNFO</type>
    <description>AppSense HKCU Wow6432 Registry Items</description>
    <isEnabled>true</isEnabled>
    <args>
      <string>HKEY_CURRENT_USER\Software\Wow6432node\AppSense</string>
      <string>SystemInfo2.nfo</string>
    </args>
    <uiGroup>Registry (NFO)</uiGroup>
  </Instruction>
  <Instruction>
    <type>CollectRegNFO</type>
    <description>AppSense Technologies Registry Items</description>
    <isEnabled>true</isEnabled>
    <args>
      <string>HKEY_LOCAL_MACHINE\Software\Appsense Technologies</string>
      <string>SystemInfo2.nfo</string>
    </args>
    <uiGroup>Registry (NFO)</uiGroup>
  </Instruction>
  <Instruction>
    <type>CollectRegNFO</type>
    <description>AppSense Technologies Wow6432 Registry Items</description>
    <isEnabled>true</isEnabled>
    <args>
      <string>HKEY_LOCAL_MACHINE\Software\Wow6432node\Appsense Technologies</string>
      <string>SystemInfo2.nfo</string>
    </args>
    <uiGroup>Registry (NFO)</uiGroup>
  </Instruction>
  <Instruction>
    <type>CollectRegNFO</type>
    <description>Security Controls (Patch) Registry Items</description>
    <isEnabled>true</isEnabled>
    <args>
      <string>HKEY_LOCAL_MACHINE\Software\LANDESK\Shavlik Protect\Agent</string>
      <string>SystemInfo2.nfo</string>
    </args>
    <uiGroup>Registry (NFO)</uiGroup>
  </Instruction>
  <Instruction>
    <type>CollectRegNFO</type>
    <description>Security Controls (Patch) Wow6432 Registry Items</description>
    <isEnabled>true</isEnabled>
    <args>
      <string>HKEY_LOCAL_MACHINE\Software\Wow6432node\LANDESK\Shavlik Protect\Agent</string>
      <string>SystemInfo2.nfo</string>
    </args>
    <uiGroup>Registry (NFO)</uiGroup>
  </Instruction>
  <Instruction>
    <type>CollectRegNFO</type>
    <description>RES Automation Registry Items</description>
    <isEnabled>true</isEnabled>
    <args>
      <string>HKEY_LOCAL_MACHINE\SOFTWARE\RES\AutomationManager</string>
      <string>SystemInfo2.nfo</string>
    </args>
    <uiGroup>Registry (NFO)</uiGroup>
  </Instruction>
  <Instruction>
    <type>CollectRegNFO</type>
    <description>RES Workspace Manager Registry Items</description>
    <isEnabled>true</isEnabled>
    <args>
      <string>HKEY_LOCAL_MACHINE\SOFTWARE\RES\Workspace Manager</string>
      <string>SystemInfo2.nfo</string>
    </args>
    <uiGroup>Registry (NFO)</uiGroup>
  </Instruction>
  <Instruction>
    <type>CollectRegNFO</type>
    <description>RES Workspace Manager Wow6432 Registry Items</description>
    <isEnabled>true</isEnabled>
    <args>
      <string>HKEY_LOCAL_MACHINE\SOFTWARE\WOW6432Node\RES\Workspace Manager</string>
      <string>SystemInfo2.nfo</string>
    </args>
    <uiGroup>Registry (NFO)</uiGroup>
  </Instruction>
  <Instruction>
    <type>CollectRegNFO</type>
    <description>RES Identity Director Registry Items</description>
    <isEnabled>true</isEnabled>
    <args>
      <string>HKEY_LOCAL_MACHINE\SOFTWARE\WOW6432Node\RES Software Development B.V.</string>
      <string>SystemInfo2.nfo</string>
    </args>
    <uiGroup>Registry (NFO)</uiGroup>
  </Instruction>
  <Instruction>
    <type>CollectRegNFO</type>
    <description>Ivanti Neurons Registry Items</description>
    <isEnabled>true</isEnabled>
    <args>
      <string>HKEY_LOCAL_MACHINE\SOFTWARE\Ivanti\Ivanti Cloud Agent</string>
      <string>SystemInfo2.nfo</string>
    </args>
    <uiGroup>Registry (NFO)</uiGroup>
  </Instruction>
  <Instruction>
    <type>CollectRegNFO</type>
    <description>Ivanti Neurons Registry Items (WOW6432)</description>
    <isEnabled>true</isEnabled>
    <args>
      <string>HKEY_LOCAL_MACHINE\SOFTWARE\WOW6432Node\Ivanti\Ivanti Cloud Agent</string>
      <string>SystemInfo2.nfo</string>
    </args>
    <uiGroup>Registry (NFO)</uiGroup>
  </Instruction>
  <Instruction>
    <type>CollectRegNFO</type>
    <description>Ivanti Automation Registry Items</description>
    <isEnabled>true</isEnabled>
    <args>
      <string>HKEY_LOCAL_MACHINE\SOFTWARE\Ivanti\Automation</string>
      <string>SystemInfo2.nfo</string>
    </args>
    <uiGroup>Registry (NFO)</uiGroup>
  </Instruction>
  <Instruction>
    <type>CollectRegNFO</type>
    <description>Ivanti Automation Registry Items (WOW6432)</description>
    <isEnabled>true</isEnabled>
    <args>
      <string>HKEY_LOCAL_MACHINE\SOFTWARE\WOW6432Node\Ivanti\Automation</string>
      <string>SystemInfo2.nfo</string>
    </args>
    <uiGroup>Registry (NFO)</uiGroup>
  </Instruction>
  <Instruction>
    <type>CollectRegNFO</type>
    <description>Windows Registry Items</description>
    <isEnabled>true</isEnabled>
    <args>
      <string>HKEY_LOCAL_MACHINE\software\Microsoft\Windows NT\CurrentVersion\Windows</string>
      <string>SystemInfo2.nfo</string>
    </args>
    <uiGroup>Registry (NFO)</uiGroup>
  </Instruction>
  <Instruction>
    <type>CollectRegNFO</type>
    <description>Windows Profile Notification Registry Items</description>
    <isEnabled>true</isEnabled>
    <args>
      <string>HKEY_LOCAL_MACHINE\software\Microsoft\Windows NT\CurrentVersion\ProfileNotification</string>
      <string>SystemInfo2.nfo</string>
    </args>
    <uiGroup>Registry (NFO)</uiGroup>
  </Instruction>
  <Instruction>
    <type>CollectRegNFO</type>
    <description>Windows Wow6432 Registry Items</description>
    <isEnabled>true</isEnabled>
    <args>
      <string>HKEY_LOCAL_MACHINE\software\Wow6432node\Microsoft\Windows NT\CurrentVersion\Windows</string>
      <string>SystemInfo2.nfo</string>
    </args>
    <uiGroup>Registry (NFO)</uiGroup>
  </Instruction>
  <Instruction>
    <type>CollectRegNFO</type>
    <description>Windows Policies Registry Items</description>
    <isEnabled>true</isEnabled>
    <args>
      <string>HKEY_LOCAL_MACHINE\Software\Microsoft\Windows\CurrentVersion\Policies</string>
      <string>SystemInfo2.nfo</string>
    </args>
    <uiGroup>Registry (NFO)</uiGroup>
  </Instruction>
  <Instruction>
    <type>CollectRegNFO</type>
    <description>Software Policies Registry Items</description>
    <isEnabled>true</isEnabled>
    <args>
      <string>HKEY_LOCAL_MACHINE\Software\Policies</string>
      <string>SystemInfo2.nfo</string>
    </args>
    <uiGroup>Registry (NFO)</uiGroup>
  </Instruction>
  <Instruction>
    <type>CollectRegNFO</type>
    <description>Profile List Registry Items</description>
    <isEnabled>true</isEnabled>
    <args>
      <string>HKEY_LOCAL_MACHINE\software\Microsoft\Windows NT\CurrentVersion\ProfileList</string>
      <string>SystemInfo2.nfo</string>
    </args>
    <uiGroup>Registry (NFO)</uiGroup>
  </Instruction>
  <Instruction>
    <type>CollectRegNFO</type>
    <description>Winlogon Registry Items</description>
    <isEnabled>true</isEnabled>
    <args>
      <string>HKEY_LOCAL_MACHINE\software\Microsoft\Windows NT\CurrentVersion\Winlogon</string>
      <string>SystemInfo2.nfo</string>
    </args>
    <uiGroup>Registry (NFO)</uiGroup>
  </Instruction>
  <Instruction>
    <type>CollectRegNFO</type>
    <description>Winlogon Wow6432 Registry Items</description>
    <isEnabled>true</isEnabled>
    <args>
      <string>HKEY_LOCAL_MACHINE\software\Wow6432node\Microsoft\Windows NT\CurrentVersion\Winlogon</string>
      <string>SystemInfo2.nfo</string>
    </args>
    <uiGroup>Registry (NFO)</uiGroup>
  </Instruction>
  <Instruction>
    <type>CollectRegNFO</type>
    <description>AE Debug Registry Items</description>
    <isEnabled>true</isEnabled>
    <args>
      <string>HKEY_LOCAL_MACHINE\software\Microsoft\Windows NT\CurrentVersion\AeDebug</string>
      <string>SystemInfo2.nfo</string>
    </args>
    <uiGroup>Registry (NFO)</uiGroup>
  </Instruction>
  <Instruction>
    <type>CollectRegNFO</type>
    <description>Image File Execution Options Registry Items</description>
    <isEnabled>true</isEnabled>
    <args>
      <string>HKEY_LOCAL_MACHINE\software\Microsoft\Windows NT\CurrentVersion\Image File Execution Options</string>
      <string>SystemInfo2.nfo</string>
    </args>
    <uiGroup>Registry (NFO)</uiGroup>
  </Instruction>
  <Instruction>
    <type>CollectRegNFO</type>
    <description>Citrix Registry Items</description>
    <isEnabled>true</isEnabled>
    <args>
      <string>HKEY_LOCAL_MACHINE\Software\Citrix</string>
      <string>SystemInfo2.nfo</string>
    </args>
    <uiGroup>Registry (NFO)</uiGroup>
  </Instruction>
  <Instruction>
    <type>CollectRegNFO</type>
    <description>VMware Registry Items</description>
    <isEnabled>true</isEnabled>
    <args>
      <string>HKEY_LOCAL_MACHINE\Software\VMware, Inc.</string>
      <string>SystemInfo2.nfo</string>
    </args>
    <uiGroup>Registry (NFO)</uiGroup>
  </Instruction>
  <Instruction>
    <type>CollectRegNFO</type>
    <description>Citrix Registry Items (Wow6432)</description>
    <isEnabled>true</isEnabled>
    <args>
      <string>HKEY_LOCAL_MACHINE\Software\Wow6432node\Citrix</string>
      <string>SystemInfo2.nfo</string>
    </args>
    <uiGroup>Registry (NFO)</uiGroup>
  </Instruction>
  <Instruction>
    <type>CollectRegNFO</type>
    <description>Services Registry Items</description>
    <isEnabled>true</isEnabled>
    <args>
      <string>HKEY_LOCAL_MACHINE\System\CurrentControlSet\Services</string>
      <string>SystemInfo2.nfo</string>
    </args>
    <uiGroup>Registry (NFO)</uiGroup>
  </Instruction>
  <Instruction>
    <type>CollectRegNFO</type>
    <description>Control Registry Items</description>
    <isEnabled>true</isEnabled>
    <args>
      <string>HKEY_LOCAL_MACHINE\System\CurrentControlSet\Control</string>
      <string>SystemInfo2.nfo</string>
    </args>
    <uiGroup>Registry (NFO)</uiGroup>
  </Instruction>
  <Instruction>
    <type>CollectRegNFO</type>
    <description>Ivanti Xtraction Registry Items</description>
    <isEnabled>true</isEnabled>
    <args>
      <string>HKEY_LOCAL_MACHINE\SOFTWARE\LANDESK\Xtraction</string>
      <string>SystemInfo2.nfo</string>
    </args>
    <uiGroup>Registry (NFO)</uiGroup>
  </Instruction>
  <Instruction>
    <type>CollectReg</type>
    <description>AppSense Registry Items</description>
    <isEnabled>false</isEnabled>
    <args>
      <string>HKEY_LOCAL_MACHINE\Software\AppSense</string>
      <string>hklm-software-appsense.reg.txt</string>
    </args>
    <uiGroup>Registry (Legacy)</uiGroup>
  </Instruction>
  <Instruction>
    <type>CollectReg</type>
    <description>AppSense Registry Items (Wow6432)</description>
    <isEnabled>false</isEnabled>
    <args>
      <string>HKEY_LOCAL_MACHINE\Software\Wow6432node\AppSense</string>
      <string>hklm-software-appsense64.reg.txt</string>
    </args>
    <uiGroup>Registry (Legacy)</uiGroup>
  </Instruction>
  <Instruction>
    <type>CollectReg</type>
    <description>AppSense Technologies Registry Items</description>
    <isEnabled>false</isEnabled>
    <args>
      <string>HKEY_LOCAL_MACHINE\Software\Appsense Technologies</string>
      <string>hklm-software-appsense-technologies.reg.txt</string>
    </args>
    <uiGroup>Registry (Legacy)</uiGroup>
  </Instruction>
  <Instruction>
    <type>CollectReg</type>
    <description>AppSense Technologies Registry Items (Wow6432)</description>
    <isEnabled>false</isEnabled>
    <args>
      <string>HKEY_LOCAL_MACHINE\Software\Wow6432node\Appsense Technologies</string>
      <string>hklm-software-appsense-technologies64.reg.txt</string>
    </args>
    <uiGroup>Registry (Legacy)</uiGroup>
  </Instruction>
  <Instruction>
    <type>CollectReg</type>
    <description>Windows Registry Items</description>
    <isEnabled>false</isEnabled>
    <args>
      <string>HKEY_LOCAL_MACHINE\software\Microsoft\Windows NT\CurrentVersion\Windows</string>
      <string>windows.reg.txt</string>
    </args>
    <uiGroup>Registry (Legacy)</uiGroup>
  </Instruction>
  <Instruction>
    <type>CollectReg</type>
    <description>Windows Registry Items (Wow6432)</description>
    <isEnabled>false</isEnabled>
    <args>
      <string>HKEY_LOCAL_MACHINE\software\Wow6432node\Microsoft\Windows NT\CurrentVersion\Windows</string>
      <string>windows64.reg.txt</string>
    </args>
    <uiGroup>Registry (Legacy)</uiGroup>
  </Instruction>
  <Instruction>
    <type>CollectReg</type>
    <description>Control Registry Items</description>
    <isEnabled>false</isEnabled>
    <args>
      <string>HKEY_LOCAL_MACHINE\System\CurrentControlSet\Control</string>
      <string>hklm-ccs-control.reg.txt</string>
    </args>
    <uiGroup>Registry (Legacy)</uiGroup>
  </Instruction>
  <Instruction>
    <type>CollectReg</type>
    <description>Services Registry Items</description>
    <isEnabled>false</isEnabled>
    <args>
      <string>HKEY_LOCAL_MACHINE\System\CurrentControlSet\Services</string>
      <string>hklm-ccs-services.reg.txt</string>
    </args>
    <uiGroup>Registry (Legacy)</uiGroup>
  </Instruction>
  <Instruction>
    <type>CollectReg</type>
    <description>Windows Policies Registry Items</description>
    <isEnabled>false</isEnabled>
    <args>
      <string>HKEY_LOCAL_MACHINE\Software\Microsoft\Windows\CurrentVersion\Policies</string>
      <string>hklm-software-ms-windows-policies.reg.txt</string>
    </args>
    <uiGroup>Registry (Legacy)</uiGroup>
  </Instruction>
  <Instruction>
    <type>CollectReg</type>
    <description>Software Policies Registry Items</description>
    <isEnabled>false</isEnabled>
    <args>
      <string>HKEY_LOCAL_MACHINE\Software\Policies</string>
      <string>hklm-software-policies.reg.txt</string>
    </args>
    <uiGroup>Registry (Legacy)</uiGroup>
  </Instruction>
  <Instruction>
    <type>CollectReg</type>
    <description>AE Debug Registry Items</description>
    <isEnabled>false</isEnabled>
    <args>
      <string>HKEY_LOCAL_MACHINE\software\Microsoft\Windows NT\CurrentVersion\AeDebug</string>
      <string>aedebug.reg.txt</string>
    </args>
    <uiGroup>Registry (Legacy)</uiGroup>
  </Instruction>
  <Instruction>
    <type>CollectReg</type>
    <description>Image File Execution Options Registry Items</description>
    <isEnabled>false</isEnabled>
    <args>
      <string>HKEY_LOCAL_MACHINE\software\Microsoft\Windows NT\CurrentVersion\Image File Execution Options</string>
      <string>ifeo.reg.txt</string>
    </args>
    <uiGroup>Registry (Legacy)</uiGroup>
  </Instruction>
  <Instruction>
    <type>CollectReg</type>
    <description>Profile List Registry Items</description>
    <isEnabled>false</isEnabled>
    <args>
      <string>HKEY_LOCAL_MACHINE\software\Microsoft\Windows NT\CurrentVersion\ProfileList</string>
      <string>profilelist.reg.txt</string>
    </args>
    <uiGroup>Registry (Legacy)</uiGroup>
  </Instruction>
  <Instruction>
    <type>CollectReg</type>
    <description>Winlogon Registry Items</description>
    <isEnabled>false</isEnabled>
    <args>
      <string>HKEY_LOCAL_MACHINE\software\Microsoft\Windows NT\CurrentVersion\Winlogon</string>
      <string>winlogon.reg.txt</string>
    </args>
    <uiGroup>Registry (Legacy)</uiGroup>
  </Instruction>
  <Instruction>
    <type>CollectReg</type>
    <description>Winlogon Registry Items (Wow6432)</description>
    <isEnabled>false</isEnabled>
    <args>
      <string>HKEY_LOCAL_MACHINE\software\Wow6432node\Microsoft\Windows NT\CurrentVersion\Winlogon</string>
      <string>winlogon64.reg.txt</string>
    </args>
    <uiGroup>Registry (Legacy)</uiGroup>
  </Instruction>
  <Instruction>
    <type>CollectReg</type>
    <description>Citrix Registry Items</description>
    <isEnabled>false</isEnabled>
    <args>
      <string>HKEY_LOCAL_MACHINE\Software\Citrix</string>
      <string>hklm-software-citrix.reg.txt</string>
    </args>
    <uiGroup>Registry (Legacy)</uiGroup>
  </Instruction>
  <Instruction>
    <type>CollectReg</type>
    <description>Citrix Registry Items (Wow6432)</description>
    <isEnabled>false</isEnabled>
    <args>
      <string>HKEY_LOCAL_MACHINE\Software\Wow6432node\Citrix</string>
      <string>hklm-software-citrix64.reg.txt</string>
    </args>
    <uiGroup>Registry (Legacy)</uiGroup>
  </Instruction>
  <Instruction>
    <type>CollectEventLog</type>
    <description>Application Event Log</description>
    <isEnabled>true</isEnabled>
    <args>
      <string>Application</string>
    </args>
    <uiGroup>Event Logs</uiGroup>
  </Instruction>
  <Instruction>
    <type>CollectEventLog</type>
    <description>System Event Log</description>
    <isEnabled>true</isEnabled>
    <args>
      <string>System</string>
    </args>
    <uiGroup>Event Logs</uiGroup>
  </Instruction>
  <Instruction>
    <type>CollectEventLog</type>
    <description>AppSense Event Log</description>
    <isEnabled>true</isEnabled>
    <args>
      <string>AppSense</string>
    </args>
    <uiGroup>Event Logs</uiGroup>
  </Instruction>
  <Instruction>
    <type>CollectEventLog</type>
    <description>Ivanti AppControl Event Log</description>
    <isEnabled>true</isEnabled>
    <args>
      <string>Ivanti AppControl</string>
    </args>
    <uiGroup>Event Logs</uiGroup>
  </Instruction>
  <Instruction>
    <type>CollectEventLog</type>
    <description>Security Event Log</description>
    <isEnabled>true</isEnabled>
    <args>
      <string>Security</string>
    </args>
    <uiGroup>Event Logs</uiGroup>
  </Instruction>
  <Instruction>
    <type>CollectEventLog</type>
    <description>Bits Event Log</description>
    <isEnabled>true</isEnabled>
    <args>
      <string>Microsoft-Windows-Bits-Client/Operational</string>
    </args>
    <uiGroup>Event Logs</uiGroup>
  </Instruction>
  <Instruction>
    <type>CollectEventLog</type>
    <description>Personalization Server Fatal Event Log</description>
    <isEnabled>true</isEnabled>
    <args>
      <string>AppSenseServer-EnvironmentManager-Personalization/Admin</string>
    </args>
    <uiGroup>Event Logs</uiGroup>
  </Instruction>
  <Instruction>
    <type>CollectEventLog</type>
    <description>Ivanti Event Log</description>
    <isEnabled>true</isEnabled>
    <args>
      <string>Ivanti</string>
    </args>
    <uiGroup>Event Logs</uiGroup>
  </Instruction>
  <Instruction>
    <type>CollectEventLog</type>
    <description>Neurons Patch Event Log</description>
    <isEnabled>true</isEnabled>
    <args>
      <string>Ivanti-Neurons Agent-STPatch/Operational</string>
    </args>
    <uiGroup>Event Logs</uiGroup>
  </Instruction>
  <Instruction>
    <type>ListFolderContents</type>
    <description>List AppSenseBootstrap Folder Contents</description>
    <isEnabled>false</isEnabled>
    <args>
      <string>C:\Windows\system32\AppSenseBootstrap</string>
      <string>AppSenseBootstrap.dir.txt</string>
      <string>false</string>
    </args>
    <uiGroup>Folders</uiGroup>
  </Instruction>
  <Instruction>
    <type>ListFolderContents</type>
    <description>List AppSenseBootstrap Folder Contents (NFO)</description>
    <isEnabled>true</isEnabled>
    <args>
      <string>C:\Windows\system32\AppSenseBootstrap</string>
      <string>SystemInfo2.nfo</string>
      <string>false</string>
    </args>
    <uiGroup>Folders</uiGroup>
  </Instruction>
  <Instruction>
    <type>ListFolderContents</type>
    <description>List ProgramData (AppSense) Folder Contents (NFO)</description>
    <isEnabled>true</isEnabled>
    <args>
      <string>C:\ProgramData\AppSense</string>
      <string>SystemInfo2.nfo</string>
      <string>false</string>
    </args>
    <uiGroup>Folders</uiGroup>
  </Instruction>
  <Instruction>
    <type>ListFolderContents</type>
    <description>List ProgramData (LANDESK) Folder Contents (NFO)</description>
    <isEnabled>true</isEnabled>
    <args>
      <string>C:\ProgramData\LANDESK</string>
      <string>SystemInfo2.nfo</string>
      <string>false</string>
    </args>
    <uiGroup>Folders</uiGroup>
  </Instruction>
  <Instruction>
    <type>ListFolderContents</type>
    <description>List ProgramData (Ivanti) Folder Contents (NFO)</description>
    <isEnabled>true</isEnabled>
    <args>
      <string>C:\ProgramData\Ivanti</string>
      <string>SystemInfo2.nfo</string>
      <string>false</string>
    </args>
    <uiGroup>Folders</uiGroup>
  </Instruction>
  <Instruction>
    <type>ListFolderContents</type>
    <description>List Ivanti Folder Contents (NFO)</description>
    <isEnabled>true</isEnabled>
    <args>
      <string>C:\Program Files\Ivanti</string>
      <string>SystemInfo2.nfo</string>
      <string>false</string>
    </args>
    <uiGroup>Folders</uiGroup>
  </Instruction>
  <Instruction>
    <type>ListFolderContents</type>
    <description>Windows Folder Contents</description>
    <isEnabled>false</isEnabled>
    <args>
      <string>C:\Windows</string>
      <string>WinDir.dir.txt</string>
      <string>false</string>
    </args>
    <uiGroup>Folders</uiGroup>
  </Instruction>
  <Instruction>
    <type>ListFolderContents</type>
    <description>Windows Folder Contents (NFO)</description>
    <isEnabled>false</isEnabled>
    <args>
      <string>C:\Windows</string>
      <string>SystemInfo2.nfo</string>
      <string>false</string>
    </args>
    <uiGroup>Folders</uiGroup>
  </Instruction>
  <Instruction>
    <type>ListFolderContents</type>
    <description>List LANDESK Folder Contents (NFO)</description>
    <isEnabled>true</isEnabled>
    <args>
      <string>C:\Program Files\LANDESK</string>
      <string>SystemInfo2.nfo</string>
      <string>false</string>
    </args>
    <uiGroup>Folders</uiGroup>
  </Instruction>
  <Instruction>
    <type>ListFolderContents</type>
    <description>List Ivanti Security Controls AppControl Engine (x86) Folder Contents (NFO)</description>
    <isEnabled>true</isEnabled>
    <args>
      <string>C:\Program Files (x86)\Ivanti Security Controls AppControl Engine</string>
      <string>SystemInfo2.nfo</string>
      <string>false</string>
    </args>
    <uiGroup>Folders</uiGroup>
  </Instruction>
  <Instruction>
    <type>ListAppSenseVirtual</type>
    <description>AppSenseVirtual Contents (NFO)</description>
    <isEnabled>true</isEnabled>
    <args>
      <string>SystemInfo2.nfo</string>
    </args>
    <uiGroup>Folders</uiGroup>
  </Instruction>
  <Instruction>
    <type>ListAppSenseVirtual</type>
    <description>AppSenseVirtual Contents (NFO)</description>
    <isEnabled>true</isEnabled>
    <args>
      <string>SystemInfo2.nfo</string>
    </args>
    <uiGroup>Folders</uiGroup>
  </Instruction>
  <Instruction>
    <type>CollectFile</type>
    <description>Neurons License Files</description>
    <isEnabled>true</isEnabled>
    <args>
      <string>C:\ProgramData\Ivanti\Ivanti Cloud Agent\Agent\License.zip</string>
    </args>
    <uiGroup>Files</uiGroup>
  </Instruction>
  <Instruction>
    <type>CollectFile</type>
    <description>Neurons manifest.xml Files</description>
    <isEnabled>true</isEnabled>
    <args>
      <string>C:\ProgramData\Ivanti\Ivanti Cloud Agent\Agent\manifest.xml</string>
    </args>
    <uiGroup>Files</uiGroup>
  </Instruction>
  <Instruction>
    <type>CollectFile</type>
    <description>Neurons manifest.zip Files</description>
    <isEnabled>true</isEnabled>
    <args>
      <string>C:\ProgramData\Ivanti\Ivanti Cloud Agent\Agent\manifest.zip</string>
    </args>
    <uiGroup>Files</uiGroup>
  </Instruction>
  <Instruction>
    <type>CollectFile</type>
    <description>Neurons policy.zip Files</description>
    <isEnabled>true</isEnabled>
    <args>
      <string>C:\ProgramData\Ivanti\Ivanti Cloud Agent\Agent\Policy.zip</string>
    </args>
    <uiGroup>Files</uiGroup>
  </Instruction>
  <Instruction>
    <type>CollectFile</type>
    <description>Neurons store.dat Files</description>
    <isEnabled>true</isEnabled>
    <args>
      <string>C:\ProgramData\Ivanti\Ivanti Cloud Agent\Agent\store.dat</string>
    </args>
    <uiGroup>Files</uiGroup>
  </Instruction>
  <Instruction>
    <type>CollectFile</type>
    <description>AppSenseBootstrap Log File</description>
    <isEnabled>true</isEnabled>
    <args>
      <string>C:\Windows\system32\AppSenseBootstrap\AppSenseBootstrap.log</string>
    </args>
    <uiGroup>Files</uiGroup>
  </Instruction>
  <Instruction>
    <type>CollectFile</type>
    <description>Group Policy Client Side Extensions</description>
    <isEnabled>true</isEnabled>
    <args>
      <string>C:\windows\System32\GroupPolicy\gpt.ini</string>
    </args>
    <uiGroup>Files</uiGroup>
  </Instruction>
  <Instruction>
    <type>CollectFile</type>
    <description>Xtraction Data Model</description>
    <isEnabled>true</isEnabled>
    <args>
      <string>C:\Program Files (x86)\Xtraction Software\Xtraction\Data\Configuration\datamodel.dat</string>
    </args>
    <uiGroup>Files</uiGroup>
  </Instruction>
  <Instruction>
    <type>CollectFile</type>
    <description>Xtraction Data Model Editor License</description>
    <isEnabled>true</isEnabled>
    <args>
      <string>C:\Program Files (x86)\Xtraction Software\Xtraction\Tools\datamodeleditor.lic</string>
    </args>
    <uiGroup>Files</uiGroup>
  </Instruction>
  <Instruction>
    <type>CollectFile</type>
    <description>Xtraction Data License</description>
    <isEnabled>true</isEnabled>
    <args>
      <string>C:\Program Files (x86)\Xtraction Software\Xtraction\Data\Configuration\xtraction.lic</string>
    </args>
    <uiGroup>Files</uiGroup>
  </Instruction>
  <Instruction>
    <type>CollectFile</type>
    <description>Neurons Inventory SYSTEM SCN File</description>
    <isEnabled>true</isEnabled>
    <args>
      <string>C:\Windows\SysWOW64\config\systemprofile\AppData\Local\IvantiInventoryEngine\LDISCN32.SCN</string>
    </args>
    <uiGroup>Files</uiGroup>
  </Instruction>
  <Instruction>
    <type>CollectNeuronsEnvironment</type>
    <description>Neurons Agent *.config Environment</description>
    <isEnabled>true</isEnabled>
    <args>
      <string />
    </args>
    <uiGroup>Files</uiGroup>
  </Instruction>
  <Instruction>
    <type>CollectNeuronsLogs</type>
    <description>Neurons Logs</description>
    <isEnabled>true</isEnabled>
    <args>
      <string />
    </args>
    <uiGroup>Files</uiGroup>
  </Instruction>
  <Instruction>
    <type>CollectAppSenseConfigs</type>
    <description>AppSense Configurations</description>
    <isEnabled>true</isEnabled>
    <args>
      <string />
    </args>
    <uiGroup>Files</uiGroup>
  </Instruction>
  <Instruction>
    <type>CollectPSLogs</type>
    <description>Personalization Server Logs</description>
    <isEnabled>true</isEnabled>
    <args>
      <string />
    </args>
    <uiGroup>Files</uiGroup>
  </Instruction>
  <Instruction>
    <type>CollectMSLogs</type>
    <description>Management Server Logs</description>
    <isEnabled>true</isEnabled>
    <args>
      <string />
    </args>
    <uiGroup>Files</uiGroup>
  </Instruction>
  <Instruction>
    <type>CollectIISLogs</type>
    <description>IIS Logs</description>
    <isEnabled>true</isEnabled>
    <args>
      <string />
    </args>
    <uiGroup>Files</uiGroup>
  </Instruction>
  <Instruction>
    <type>CollectSCPLogs</type>
    <description>SCP Logs</description>
    <isEnabled>true</isEnabled>
    <args>
      <string />
    </args>
    <uiGroup>Files</uiGroup>
  </Instruction>
  <Instruction>
    <type>CollectISeCLogs</type>
    <description>ISeC Logs</description>
    <isEnabled>true</isEnabled>
    <args>
      <string />
    </args>
    <uiGroup>Files</uiGroup>
  </Instruction>
  <Instruction>
    <type>CollectISeCProPatchLogs</type>
    <description>ISeC ProPatch Logs</description>
    <isEnabled>true</isEnabled>
    <args>
      <string />
    </args>
    <uiGroup>Files</uiGroup>
  </Instruction>
  <Instruction>
    <type>CollectISeCConfigs</type>
    <description>ISeC Configurations</description>
    <isEnabled>true</isEnabled>
    <args>
      <string />
    </args>
    <uiGroup>Files</uiGroup>
  </Instruction>
  <Instruction>
    <type>CollectACGroupDNFiles</type>
    <description>AC ComputerGroup + ComputerDN</description>
    <isEnabled>false</isEnabled>
    <args>
      <string />
    </args>
    <uiGroup>Files</uiGroup>
  </Instruction>
  <Instruction>
    <type>CollectEMGroupDNFiles</type>
    <description>EM ComputerGroup</description>
    <isEnabled>false</isEnabled>
    <args>
      <string />
    </args>
    <uiGroup>Files</uiGroup>
  </Instruction>
  <Instruction>
    <type>CollectXtractionLogs</type>
    <description>Xtraction Logs</description>
    <isEnabled>true</isEnabled>
    <args>
      <string />
    </args>
    <uiGroup>Files</uiGroup>
  </Instruction>
  <Instruction>
    <type>ExecuteProcess</type>
    <description>Running Filter Drivers</description>
    <isEnabled>true</isEnabled>
    <args>
      <string>fltmc.exe</string>
      <string>&gt;&gt;</string>
      <string>fltmc.txt</string>
    </args>
    <uiGroup>System</uiGroup>
  </Instruction>
  <Instruction>
    <type>ExecuteProcess</type>
    <description>Group Policy Report</description>
    <isEnabled>true</isEnabled>
    <args>
      <string>gpresult.exe</string>
      <string>/r &gt;&gt;</string>
      <string>gpresult.txt</string>
    </args>
    <uiGroup>System</uiGroup>
  </Instruction>
  <Instruction>
    <type>ExecuteProcess</type>
    <description>IP Configuration</description>
    <isEnabled>false</isEnabled>
    <args>
      <string>ipconfig.exe</string>
      <string>/all &gt;&gt;</string>
      <string>ipconfig.txt</string>
    </args>
    <uiGroup>Network</uiGroup>
  </Instruction>
  <Instruction>
    <type>CollectIPConfigNFO</type>
    <description>IP Configuration (NFO)</description>
    <isEnabled>true</isEnabled>
    <args>
      <string />
    </args>
    <uiGroup>Network</uiGroup>
  </Instruction>
  <Instruction>
    <type>ExecuteProcess</type>
    <description>Network Configuration</description>
    <isEnabled>true</isEnabled>
    <args>
      <string>netsh.exe</string>
      <string>dump &gt;&gt;</string>
      <string>netsh-firewall.txt</string>
    </args>
    <uiGroup>Network</uiGroup>
  </Instruction>
  <Instruction>
    <type>ExecuteProcess</type>
    <description>Network Statistics</description>
    <isEnabled>false</isEnabled>
    <args>
      <string>netstat.exe</string>
      <string>-b &gt;&gt;</string>
      <string>netstat-b.txt</string>
    </args>
    <uiGroup>Network</uiGroup>
  </Instruction>
  <Instruction>
    <type>ExecuteProcess</type>
    <description>System Information</description>
    <isEnabled>false</isEnabled>
    <args>
      <string>msinfo32.exe</string>
      <string>/nfo</string>
      <string>systeminformation.nfo</string>
    </args>
    <uiGroup>System</uiGroup>
  </Instruction>
  <Instruction>
    <type>CollectWMI</type>
    <description>Running Processes</description>
    <isEnabled>false</isEnabled>
    <args>
      <string>SELECT * FROM Win32_Process</string>
      <string>processes.csv</string>
    </args>
    <uiGroup>System</uiGroup>
  </Instruction>
  <Instruction>
    <type>CollectWMI</type>
    <description>Installed Products</description>
    <isEnabled>false</isEnabled>
    <args>
      <string>SELECT Vendor, Description, Version, InstallDate, InstallLocation FROM Win32_Product</string>
      <string>installed-products.csv</string>
    </args>
    <uiGroup>System</uiGroup>
  </Instruction>
  <Instruction>
    <type>ListAppSenseInstallFolderContents</type>
    <description>List AppSense Install Folder Contents</description>
    <isEnabled>false</isEnabled>
    <args>
      <string />
    </args>
    <uiGroup>Folders</uiGroup>
  </Instruction>
  <Instruction>
    <type>ListAppSenseInstallNFO</type>
    <description>List AppSense Folder Contents (NFO)</description>
    <isEnabled>true</isEnabled>
    <args>
      <string />
    </args>
    <uiGroup>Folders</uiGroup>
  </Instruction>
  <Instruction>
    <type>CollectEMTelemetry</type>
    <description>CollectEMTelemetry Information</description>
    <isEnabled>true</isEnabled>
    <args>
      <string />
    </args>
    <uiGroup>Folders</uiGroup>
  </Instruction>
  <Instruction>
    <type>CollectSystemNFO</type>
    <description>System Information</description>
    <isEnabled>true</isEnabled>
    <args>
      <string>Win32_ComputerSystem,System/Computer,Name,Manufacturer,Model,Domain</string>
      <string>Win32_BIOS,System/BIOS,Name,Manufacturer,SerialNumber</string>
      <string>Win32_Processor,System/Devices/CPU,DeviceID,Name,Manufacturer,MaxClockSpeed,NumberOfCores,NumberOfLogicalProcessors</string>
      <string>Win32_PhysicalMemory,System/Devices/Memory,Tag,BankLabel,Capacity,Speed,DataWidth</string>
      <string>Win32_DiskDrive,System/Devices/Storage/Disks,Name,Size,Partitions,InterfaceType,Model</string>
      <string>Win32_LogicalDisk,System/Devices/Storage/LogicalDisk,Name,Description,Size,FreeSpace,FileSystem</string>
      <string>Win32_DiskPartition,System/Devices/Storage/Partition,Name,Size,BootPartition</string>
      <string>Win32_IDEController,System/Devices/IDE,Name,Status</string>
      <string>Win32_SCSIController,System/Devices/SCSI,Name,Status,DriverName</string>
      <string>Win32_CDROMDrive,System/Devices/Storage/CDRom,Name,MediaType</string>
      <string>Win32_NetworkAdapter,System/Devices/Network/Adapters,Name,Manufacturer,PhyiscalAdapter,AdapterType,ServiceName</string>
      <string>Win32_NetworkProtocol,System/Devices/Network/Protocol,Name,Description,SupportsQualityofService,SupportsMulticasting,SupportsBroadcasting</string>
      <string>Win32_PortableBattery,System/Devices/Battery,Name,Manufacturer,Location,DeviceID</string>
      <string>Win32_1394Controller,System/Devices/1394,Name</string>
      <string>Win32_USBController,System/Devices/USB,Name,Manufacturer</string>
      <string>Win32_SoundDevice,System/Devices/Audio,Name</string>
      <string>Win32_VideoController,System/Devices/Video,Name,VideoProcessor,VideoModeDescription,DriverVersion</string>
      <string>Win32_POTSModem,System/Devices/Modem,Name,DeviceType</string>
      <string>Win32_Keyboard,System/Devices/Input/Keyboard,Name</string>
      <string>Win32_PointingDevice,System/Devices/Input/Mouse,Name</string>
      <string>Win32_SystemEnclosure,System/Chassis,Manufacturer,SerialNumber,ChassisTypes</string>
      <string>Win32_TimeZone,System/Time,Description</string>
      <string>Win32_OperatingSystem,Windows,Caption,CSDVersion,OSArchitecture,OperatingSystemSKU,OSLanguage,WindowsDirectory</string>
      <string>Win32_SystemDriver,Windows/Drivers,Caption,Name,StartMode,State,ServiceType</string>
      <string>Win32_Service,Windows/Services,Caption,Name,StartMode,State,PathName</string>
      <string>Win32_ServerFeature,Windows/Roles and Features,Name,ID</string>
      <string>Win32_Environment,Windows/Environment Variables,Name,UserName,VariableValue</string>
      <string>Win32_LoadOrderGroup,Windows/BootOrder,GroupOrder,Name</string>
      <string>Win32_BootConfiguration,Windows/BootConfig,BootDirectory,Caption,TempDirectory</string>
      <string>Win32_OSRecoveryConfiguration,Windows/Recovery,AutoReboot,DebugFilePath,KernelDumpOnly</string>
      <string>Win32_PageFile,Windows/PageFile,Caption,FileSize,InitialSize,MaximumSize</string>
      <string>Win32_PageFileUsage,Windows/PageFileUsage,Caption,CurrentUsage</string>
      <string>Win32_DisplayConfiguration,Windows/DisplaySettings,Caption,DriverVersion,PelsWidth,PelsHeight,BitsPerPel</string>
      <string>Win32_PrinterDriver,Windows/Print Drivers,Name,DriverPath</string>
      <string>Win32_WinSAT,Windows/Performance Score,WinSPRLevel,CPUScore,MemoryScore,DiskScore</string>
      <string>Win32_NetworkConnection,Software Environment/Network Connections,Name,LocalName,RemoteName,ConnectionType,UserName</string>
      <string>Win32_LogicalProgramGroup,Software Environment/Program Groups,Name,GroupName,InstallDate</string>
      <string>Win32_StartupCommand,Software Environment/Startup Programs,Name,Location,Description</string>
      <string>Win32_QuickFixEngineering,Software Environment/Installed Hotfixes,HotFixID,InstalledOn,Caption</string>
    </args>
    <uiGroup>System</uiGroup>
  </Instruction>
</ArrayOfInstruction>