{"machineid":"gmhRYRLBBdZJBAgb1L93ryFcFkRr6IceQcwUcvZmenI","createdTime":"21-01-2026 10:01:10","STVersion":"4.3.2.0","manufacturer":"Dell Inc.","model":"Latitude 5410","serialnumber":"CG43693","cpuhyperthreaded":"12","cpusockets":"1","cpuname":"Intel(R) Core(TM) i7-10810U CPU @ 1.10GHz","memory":"15.61 GB","osmanufacturer":"Microsoft Corporation","osname":"Microsoft Windows 11 Pro","osedition":"48","osarchitecture":"64-bit","osservicepack":"0","osversion":"10.0.22631","platformrole":"Mobile","systemchassis":"Notebook,, ","biosmanufacturer":"Dell Inc.","biosversion":"DELL   - 1072009, 1.31.0, American Megatrends - 50011, ","biosmode":"UEFI","secureboot":"0","timezone":"India Standard Time","locale":"en-US;English (United States)","localeLCID":"1033","keyboardlayout":"English – United States","systemdirectory":"C:\\Windows","ivantiSoftware":null,"dotNETVersion":"4.8 or later","dotNETRelease":"533320"}