{"machineid":"vfMWwdnzmUR4S_T03rp2TSXX-Mcu_p5QAIRwD9kNGkU","createdTime":"1/21/2026 10:05:47 AM","STVersion":"4.3.2.0","manufacturer":"LENOVO","model":"20X1S0WE00","serialnumber":"PG032QPT","cpuhyperthreaded":"8","cpusockets":"1","cpuname":"11th Gen Intel(R) Core(TM) i5-1135G7 @ 2.40GHz","memory":"15.66 GB","osmanufacturer":"Microsoft Corporation","osname":"Microsoft Windows 11 Pro","osedition":"48","osarchitecture":"64-bit","osservicepack":"0","osversion":"10.0.26200","platformrole":"Mobile","systemchassis":"Notebook,, ","biosmanufacturer":"LENOVO","biosversion":"LENOVO - 1680, R1JET68W (1.68 ), Lenovo - 1680, ","biosmode":"UEFI","secureboot":"0","timezone":"India Standard Time","locale":"en-US;English (United States)","localeLCID":"1033","keyboardlayout":"English – United States","systemdirectory":"C:\\WINDOWS","ivantiSoftware":null,"dotNETVersion":"4.8 or later","dotNETRelease":"533509"}