﻿<?xml version="1.0" encoding="utf-8"?><manifest schemaVersion="2.5" timestamp="2026-01-23T00:10:22.2471437Z"><files><file dateTime="2026-01-23T08:02:32Z" description="Linux Agent Framework" downloadUri="https://download.ivanticloud.com/d/e/AGENTAMZN2x64/3.3.478/ivanticloudagent-amzn2.tar" type="TarRpm" key="AGENTAMZN2x64" name="ivanticloudagent-amzn2.tar" optional="false" size="4945920" version="3.3.478"><digests><digest algorithm="http://www.w3.org/2001/04/xmlenc#sha256" value="I95TziCmNBefG6ThFTyeKBB4hgnhWAay1HG0X081MLQ=" /></digests></file><file dateTime="2026-01-23T08:02:32Z" description="Linux Agent Framework" downloadUri="https://download.ivanticloud.com/d/e/AGENTAMZN2023x64/3.3.478/ivanticloudagent-amzn2023.tar" type="TarRpm" key="AGENTAMZN2023x64" name="ivanticloudagent-amzn2023.tar" optional="false" size="4126720" version="3.3.478"><digests><digest algorithm="http://www.w3.org/2001/04/xmlenc#sha256" value="8CnCMR2p47ioCdG1RJvxe3Lih/Do01sri5kykQ1utKI=" /></digests></file><file dateTime="2026-01-23T08:02:34Z" description="Linux Agent Framework" downloadUri="https://download.ivanticloud.com/d/e/AGENTCENTOS7x64/3.3.478/ivanticloudagent-centos7.tar" type="TarRpm" key="AGENTCENTOS7x64" name="ivanticloudagent-centos7.tar" optional="false" size="4945920" version="3.3.478"><digests><digest algorithm="http://www.w3.org/2001/04/xmlenc#sha256" value="Eu8CuA7vHTdkO3Eprc7A7AvGibizm3xxxmJI47Bb9UI=" /></digests></file><file dateTime="2026-01-23T08:02:36Z" description="Linux Agent Framework" downloadUri="https://download.ivanticloud.com/d/e/AGENTORACLE7x64/3.3.478/ivanticloudagent-oracle7.tar" type="TarRpm" key="AGENTORACLE7x64" name="ivanticloudagent-oracle7.tar" optional="false" size="4945920" version="3.3.478"><digests><digest algorithm="http://www.w3.org/2001/04/xmlenc#sha256" value="Sj3dO8D50p1NrLtBHSAToc3R5QMR9BQwOprwLjDzH7c=" /></digests></file><file dateTime="2026-01-23T08:02:38Z" description="Linux Agent Framework" downloadUri="https://download.ivanticloud.com/d/e/AGENTORACLE8x64/3.3.478/ivanticloudagent-oracle8.tar" type="TarRpm" key="AGENTORACLE8x64" name="ivanticloudagent-oracle8.tar" optional="false" size="4218880" version="3.3.478"><digests><digest algorithm="http://www.w3.org/2001/04/xmlenc#sha256" value="3XvJT4SYW69ckjhd9o667FIbyhZW7QqSuTKM7RoHHkw=" /></digests></file><file dateTime="2026-01-23T08:02:42Z" description="Linux Agent Framework" downloadUri="https://download.ivanticloud.com/d/e/AGENTORACLE9x64/3.3.478/ivanticloudagent-oracle9.tar" type="TarRpm" key="AGENTORACLE9x64" name="ivanticloudagent-oracle9.tar" optional="false" size="4126720" version="3.3.478"><digests><digest algorithm="http://www.w3.org/2001/04/xmlenc#sha256" value="hnbZNMP24AcnqNnHXPJc73Wlb5nssIafcZ+oNIjOuFM=" /></digests></file><file dateTime="2026-01-23T08:02:44Z" description="Linux Agent Framework" downloadUri="https://download.ivanticloud.com/d/e/AGENTREDHAT7x64/3.3.478/ivanticloudagent-redhat7.tar" type="TarRpm" key="AGENTREDHAT7x64" name="ivanticloudagent-redhat7.tar" optional="false" size="4945920" version="3.3.478"><digests><digest algorithm="http://www.w3.org/2001/04/xmlenc#sha256" value="5NjKWyoQE18vvphsyZ7uWErZ85uEsIMFNUJw3+Z3W0s=" /></digests></file><file dateTime="2026-01-23T08:02:46Z" description="Linux Agent Framework" downloadUri="https://download.ivanticloud.com/d/e/AGENTREDHAT8x64/3.3.478/ivanticloudagent-redhat8.tar" type="TarRpm" key="AGENTREDHAT8x64" name="ivanticloudagent-redhat8.tar" optional="false" size="4218880" version="3.3.478"><digests><digest algorithm="http://www.w3.org/2001/04/xmlenc#sha256" value="HW9ffWqLuoID/a6z8ufZSbKhIo60CMOKWCP2cWxaYT4=" /></digests></file><file dateTime="2026-01-23T08:02:50Z" description="Linux Agent Framework" downloadUri="https://download.ivanticloud.com/d/e/AGENTREDHAT9x64/3.3.478/ivanticloudagent-redhat9.tar" type="TarRpm" key="AGENTREDHAT9x64" name="ivanticloudagent-redhat9.tar" optional="false" size="4126720" version="3.3.478"><digests><digest algorithm="http://www.w3.org/2001/04/xmlenc#sha256" value="6e8T2PM4R+ww2iI6CD2AIJHuio3SpyyEjbIRYdXCvUQ=" /></digests></file><file dateTime="2026-01-23T08:02:52Z" description="Linux Agent Framework" downloadUri="https://download.ivanticloud.com/d/e/AGENTROCKY8x64/3.3.478/ivanticloudagent-rocky8.tar" type="TarRpm" key="AGENTROCKY8x64" name="ivanticloudagent-rocky8.tar" optional="false" size="4218880" version="3.3.478"><digests><digest algorithm="http://www.w3.org/2001/04/xmlenc#sha256" value="6I3cJHqE2zWAlYFA9bwb8642XUg9QbRTN/vQkXh6C9M=" /></digests></file><file dateTime="2026-01-23T08:02:54Z" description="Linux Agent Framework" downloadUri="https://download.ivanticloud.com/d/e/AGENTROCKY9x64/3.3.478/ivanticloudagent-rocky9.tar" type="TarRpm" key="AGENTROCKY9x64" name="ivanticloudagent-rocky9.tar" optional="false" size="4126720" version="3.3.478"><digests><digest algorithm="http://www.w3.org/2001/04/xmlenc#sha256" value="aozaGQxRLWAFJnpmLfgjkDbsTGB9CiibwuXa55RcB+g=" /></digests></file><file dateTime="2026-01-23T08:02:56Z" description="Linux Agent Framework" downloadUri="https://download.ivanticloud.com/d/e/AGENTSLES12x64/3.3.478/ivanticloudagent-sles12.tar" type="TarRpm" key="AGENTSLES12x64" name="ivanticloudagent-sles12.tar" optional="false" size="4116480" version="3.3.478"><digests><digest algorithm="http://www.w3.org/2001/04/xmlenc#sha256" value="cq9BSW/uvZValW/Hhq+PjRmWc/ZABpEh3N4gibuTGXo=" /></digests></file><file dateTime="2026-01-23T08:02:58Z" description="Linux Agent Framework" downloadUri="https://download.ivanticloud.com/d/e/AGENTSLES15x64/3.3.478/ivanticloudagent-sles15.tar" type="TarRpm" key="AGENTSLES15x64" name="ivanticloudagent-sles15.tar" optional="false" size="3768320" version="3.3.478"><digests><digest algorithm="http://www.w3.org/2001/04/xmlenc#sha256" value="FaQPKYy80HXnN8ZWo3QiCbCnPtsyx2u4mCrJGzXaCV8=" /></digests></file><file dateTime="2026-01-23T08:03:02Z" description="Linux Agent Framework" downloadUri="https://download.ivanticloud.com/d/e/AGENTUBUNTU20x64/3.3.478/ivanticloudagent-ubuntu20.tar" type="TarRpm" key="AGENTUBUNTU20x64" name="ivanticloudagent-ubuntu20.tar" optional="false" size="3819520" version="3.3.478"><digests><digest algorithm="http://www.w3.org/2001/04/xmlenc#sha256" value="ZDc4WwWEd7peb3bNZGbf913TB3d97KuD35OjmB3jPEk=" /></digests></file><file dateTime="2026-01-23T08:03:04Z" description="Linux Agent Framework" downloadUri="https://download.ivanticloud.com/d/e/AGENTUBUNTU22x64/3.3.478/ivanticloudagent-ubuntu22.tar" type="TarRpm" key="AGENTUBUNTU22x64" name="ivanticloudagent-ubuntu22.tar" optional="false" size="3983360" version="3.3.478"><digests><digest algorithm="http://www.w3.org/2001/04/xmlenc#sha256" value="Vo+U+QUtNu5QoSOSSX8nvxkfYNhFPJoaqU5jvgCTnFc=" /></digests></file><file dateTime="2026-01-23T08:03:06Z" description="Linux Agent Framework" downloadUri="https://download.ivanticloud.com/d/e/AGENTUBUNTU24x64/3.3.478/ivanticloudagent-ubuntu24.tar" type="TarRpm" key="AGENTUBUNTU24x64" name="ivanticloudagent-ubuntu24.tar" optional="false" size="3440640" version="3.3.478"><digests><digest algorithm="http://www.w3.org/2001/04/xmlenc#sha256" value="i6RdZKLkA2yhRA8mr7SqXvvhQZbJwPzdzexm6cms6fo=" /></digests></file><file dateTime="2026-01-23T08:03:12Z" description="Mac Agent Framework" downloadUri="https://download.ivanticloud.com/d/e/AGENTMAC64/3.3.487/Ivanti.Neurons.Agent.dmg" type="Dmg" key="AGENTMAC64" name="Ivanti.Neurons.Agent.dmg" optional="false" size="9023001" version="3.3.487"><digests><digest algorithm="http://www.w3.org/2001/04/xmlenc#sha256" value="Jc1QJJwo7VE2ScSYdKqEEr9kK+W1iYE2elsMOs5Ya6I=" /></digests></file><file dateTime="2025-08-07T07:15:18Z" description="Windows Agent Framework" downloadUri="https://download.ivanticloud.com/d/e/AGENT/3.3.489.0/STPlatformUpdater.exe" type="Binary" key="AGENT" name="STPlatformUpdater.exe" optional="false" size="30149576" version="3.3.489.0"><digests><digest algorithm="http://www.w3.org/2001/04/xmlenc#sha256" value="aap3jwhQKCdS/II3heMJwHx1j5nNVY5u38g3CTrOa3A=" /></digests></file><file dateTime="2025-08-07T07:15:20Z" description="Windows Agent Framework" downloadUri="https://download.ivanticloud.com/d/e/AGENT64/3.3.489.0/STPlatformUpdater64.exe" type="Binary" key="AGENT64" name="STPlatformUpdater64.exe" optional="false" size="12016760" version="3.3.489.0"><digests><digest algorithm="http://www.w3.org/2001/04/xmlenc#sha256" value="O6FLN+D8SAslu3BdHNWVdlBX2PB/QcvXcKyMCliAqMM=" /></digests></file><file dateTime="2025-08-07T07:15:19Z" description="Windows Agent Framework" downloadUri="https://download.ivanticloud.com/d/e/AGENTARM64/3.3.489.0/STPlatformUpdaterArm64.exe" type="Binary" key="AGENTARM64" name="STPlatformUpdaterArm64.exe" optional="false" size="9419776" version="3.3.489.0"><digests><digest algorithm="http://www.w3.org/2001/04/xmlenc#sha256" value="6qtaTpgHgyYthFYjFTOelOf5SHns4gFlzgJhwbcC194=" /></digests></file><file dateTime="2022-07-26T22:55:24Z" description="Discovery Collectors for EPM and DCD" downloadUri="https://download.ivanticloud.com/d/e/UNO.DISCOVERY_CONNECTOR.ENGINE64/1.0.2474.22072602/Collectors.msi" type="WindowsInstaller" key="UNO.DISCOVERY_CONNECTOR.ENGINE64" name="Collectors.msi" optional="false" size="14606336" version="1.0.2474.22072602"><digests><digest algorithm="http://www.w3.org/2001/04/xmlenc#sha256" value="mvI/Czo9SJp+t25tx9iHly66Q4BfGX3DMIdedFh5bnM=" /></digests></file><file dateTime="2025-12-18T08:21:10Z" description="Collectors Engine (from policy)" downloadUri="https://download.ivanticloud.com/d/e/UNO.COLLECTOR.ENGINE32.V2/2.1.288.0/CollectorEngine-32.msi" type="WindowsInstaller" key="UNO.COLLECTOR.ENGINE32.V2" name="CollectorEngine-32.msi" optional="false" size="35880960" version="2.1.288.0"><digests><digest algorithm="http://www.w3.org/2001/04/xmlenc#sha256" value="ksFIu2T9hZl0r1cqhniY351MhGmXMcWA7P692PLdQU0=" /></digests></file><file dateTime="2025-12-18T08:22:36Z" description="Collectors Engine (from policy)" downloadUri="https://download.ivanticloud.com/d/e/UNO.COLLECTOR.ENGINE64.V2/2.1.288.0/CollectorEngine-64.msi" type="WindowsInstaller" key="UNO.COLLECTOR.ENGINE64.V2" name="CollectorEngine-64.msi" optional="false" size="36016128" version="2.1.288.0"><digests><digest algorithm="http://www.w3.org/2001/04/xmlenc#sha256" value="9Z/eag8emPdm6YEHyuSKKctIZ6uPClvt67EKddLezBU=" /></digests></file><file dateTime="2022-07-26T22:52:00Z" description="Agent Proxy Service" downloadUri="https://download.ivanticloud.com/d/e/UNO.AGENT_PROXY.ENGINE64/1.0.2474.22072602/STAgent.Proxy.Service.msi" type="WindowsInstaller" key="UNO.AGENT_PROXY.ENGINE64" name="STAgent.Proxy.Service.msi" optional="false" size="2240512" version="1.0.2474.22072602"><digests><digest algorithm="http://www.w3.org/2001/04/xmlenc#sha256" value="XZl3S/aJFMoPM+h/1uu5LVknGA6PQwQLlfSxVaq/6Jg=" /></digests></file><file dateTime="2022-07-26T22:52:14Z" description="Agent Proxy Service" downloadUri="https://download.ivanticloud.com/d/e/UNO.AGENT_PROXY.ENGINE32/1.0.2474.22072602/STAgent.Proxy.Service32.msi" type="WindowsInstaller" key="UNO.AGENT_PROXY.ENGINE32" name="STAgent.Proxy.Service32.msi" optional="false" size="2195456" version="1.0.2474.22072602"><digests><digest algorithm="http://www.w3.org/2001/04/xmlenc#sha256" value="3TehLIc8qXQsKxe9UtMcIH3SzLZfnEefa3I8IQM1F7U=" /></digests></file><file dateTime="2018-03-06T03:24:12Z" description="Insight Collector" downloadUri="https://download.ivanticloud.com/d/e/UNO.INSIGHT.ENGINE/1.0.0.0/InsightEngine32.msi" type="WindowsInstaller" key="UNO.INSIGHT.ENGINE" name="InsightEngine32.msi" optional="false" size="4050944" version="1.0.0.0"><digests><digest algorithm="http://www.w3.org/2001/04/xmlenc#sha256" value="Zx9dAsYkB371C+PHBsxjm98225qCk6vfi/6bRyZuYqU=" /></digests></file><file dateTime="2018-03-06T03:47:44Z" description="Insight Collector" downloadUri="https://download.ivanticloud.com/d/e/UNO.INSIGHT.ENGINE64/1.0.0.0/InsightEngine64.msi" type="WindowsInstaller" key="UNO.INSIGHT.ENGINE64" name="InsightEngine64.msi" optional="false" size="4833280" version="1.0.0.0"><digests><digest algorithm="http://www.w3.org/2001/04/xmlenc#sha256" value="Yd2S7ujjj1PQFylXgmantFqe5hMMARGcwfdILlO/GLU=" /></digests></file><file dateTime="2025-12-11T08:26:30Z" description="Realtime Intelligence Engine" downloadUri="https://download.ivanticloud.com/d/e/UNO.WILDPULSE.ENGINE/1.1.556.0/WildPulseEngine32.msi" type="WindowsInstaller" key="UNO.WILDPULSE.ENGINE" name="WildPulseEngine32.msi" optional="false" size="10231808" version="1.1.556.0"><digests><digest algorithm="http://www.w3.org/2001/04/xmlenc#sha256" value="/jLdnQzP/v9/e11B+XX8j4BIFoQXqnysBDQl7Qjl+gg=" /></digests></file><file dateTime="2025-12-11T08:26:50Z" description="Realtime Intelligence Engine" downloadUri="https://download.ivanticloud.com/d/e/UNO.WILDPULSE.ENGINE64/1.1.556.0/WildPulseEngine64.msi" type="WindowsInstaller" key="UNO.WILDPULSE.ENGINE64" name="WildPulseEngine64.msi" optional="false" size="29196288" version="1.1.556.0"><digests><digest algorithm="http://www.w3.org/2001/04/xmlenc#sha256" value="bEyWGlbSGJxSl2h8vwowKs5uMXcRp4/gMyQ9VBFfBlg=" /></digests></file><file dateTime="2025-12-10T17:27:02Z" description="Automation" downloadUri="https://download.ivanticloud.com/d/e/UNO.AUTOMATION.ENGINE/1.25.34416.0/AutomationEngineInstall.msi" type="WindowsInstaller" key="UNO.AUTOMATION.ENGINE" name="AutomationEngineInstall.msi" optional="false" size="38019072" version="1.25.34416.0"><digests><digest algorithm="http://www.w3.org/2001/04/xmlenc#sha256" value="zK4OiD6gHDhMDhEZKsRV25QR8OM5xwhERtps1pkbBYM=" /></digests></file><file dateTime="2025-12-10T17:27:54Z" description="Automation" downloadUri="https://download.ivanticloud.com/d/e/UNO.AUTOMATION.ENGINE64/1.25.34416.0/AutomationEngineInstall64.msi" type="WindowsInstaller" key="UNO.AUTOMATION.ENGINE64" name="AutomationEngineInstall64.msi" optional="false" size="38223872" version="1.25.34416.0"><digests><digest algorithm="http://www.w3.org/2001/04/xmlenc#sha256" value="RUIW7OQwP28XIHIqeerZPWJB2KWmSvNLEmxqHj59B14=" /></digests></file><file dateTime="2025-12-10T15:12:18Z" description="Automation Mac Engine" downloadUri="https://download.ivanticloud.com/d/e/UNO.AUTOMATION.ENGINEMAC64/1.0.622.652/UNO.AUTOMATION.ENGINEMAC64.dmg" type="Dmg" key="UNO.AUTOMATION.ENGINEMAC64" name="UNO.AUTOMATION.ENGINEMAC64.dmg" optional="false" size="30663725" version="1.0.622.652"><digests><digest algorithm="http://www.w3.org/2001/04/xmlenc#sha256" value="J+9REsTBuZsI2oZI1DVGwTwkvcbX6tAb3/LXBCFRU/Y=" /></digests></file><file dateTime="2025-12-10T04:45:46Z" description="Realtime Intelligence Engine" downloadUri="https://download.ivanticloud.com/d/e/UNO.WILDPULSE.ENGINEMAC64/1.2.0.1290/IVPulseEngine.dmg" type="Dmg" key="UNO.WILDPULSE.ENGINEMAC64" name="IVPulseEngine.dmg" optional="false" size="9573898" version="1.2.0.1290"><digests><digest algorithm="http://www.w3.org/2001/04/xmlenc#sha256" value="pPWoeixXecUJqkjlVeuuGYMOajMK07keHapNmEpoRxw=" /></digests></file><file dateTime="2026-01-13T05:12:56Z" description="Inventory Engine" downloadUri="https://download.ivanticloud.com/d/e/UNO.INVENTORY.ENGINE64MAC64/1.1.0.390/IVInventoryEngine.dmg" type="Dmg" key="UNO.INVENTORY.ENGINE64MAC64" name="IVInventoryEngine.dmg" optional="false" size="2597463" version="1.1.0.390"><digests><digest algorithm="http://www.w3.org/2001/04/xmlenc#sha256" value="H8tXFErh1qnsq/SB2FnR0F/jcrJxrsZuZXzVUTI5Je8=" /></digests></file><file dateTime="2019-06-07T16:04:46Z" description="An engine that hosts the Ivanti Targeted Multicast platform" downloadUri="https://download.ivanticloud.com/d/e/UNO.MULTICAST.ENGINE/1.1.24.0/IvantiMulticastEngine32.msi" type="WindowsInstaller" key="UNO.MULTICAST.ENGINE" name="IvantiMulticastEngine32.msi" optional="false" size="3588096" version="1.1.24.0"><digests><digest algorithm="http://www.w3.org/2001/04/xmlenc#sha256" value="HAOmK15J9x9+YABaWVxDYerN8EKU+nd8TEv31H4A1OI=" /></digests></file><file dateTime="2019-06-07T16:05:00Z" description="An engine that hosts the Ivanti Targeted Multicast platform" downloadUri="https://download.ivanticloud.com/d/e/UNO.MULTICAST.ENGINE64/1.1.24.0/IvantiMulticastEngine64.msi" type="WindowsInstaller" key="UNO.MULTICAST.ENGINE64" name="IvantiMulticastEngine64.msi" optional="false" size="4108288" version="1.1.24.0"><digests><digest algorithm="http://www.w3.org/2001/04/xmlenc#sha256" value="+leTMQxoPwWC1Gd83U1MR8dHtfxEPQ9BqF+S+EB+DHM=" /></digests></file><file dateTime="2019-06-07T16:04:52Z" description="An engine that hosts the self-electing MQTT service." downloadUri="https://download.ivanticloud.com/d/e/UNO.MQTTELECTION.ENGINE/1.1.24.0/MqttElectionEngine32.msi" type="WindowsInstaller" key="UNO.MQTTELECTION.ENGINE" name="MqttElectionEngine32.msi" optional="false" size="6307840" version="1.1.24.0"><digests><digest algorithm="http://www.w3.org/2001/04/xmlenc#sha256" value="Vvh5RrfsuEc+XtQEWG2b5q+OAQUCSPO6XOmpsE5JY14=" /></digests></file><file dateTime="2019-06-07T16:05:06Z" description="An engine that hosts the self-electing MQTT service." downloadUri="https://download.ivanticloud.com/d/e/UNO.MQTTELECTION.ENGINE64/1.1.24.0/MqttElectionEngine64.msi" type="WindowsInstaller" key="UNO.MQTTELECTION.ENGINE64" name="MqttElectionEngine64.msi" optional="false" size="7413760" version="1.1.24.0"><digests><digest algorithm="http://www.w3.org/2001/04/xmlenc#sha256" value="1r8Wof7TqWPGAjgOq5YxuowQbRltrYCBXqEAtvyPxOk=" /></digests></file><file dateTime="2020-02-11T14:36:42Z" description="An engine that host hosts the endpoint Ivanti Mqtt service." downloadUri="https://download.ivanticloud.com/d/e/UNO.MQTT.ENGINE/1.1.40.0/MqttEngine32.msi" type="WindowsInstaller" key="UNO.MQTT.ENGINE" name="MqttEngine32.msi" optional="false" size="2859008" version="1.1.40.0"><digests><digest algorithm="http://www.w3.org/2001/04/xmlenc#sha256" value="1p4U/PyydDwv6e/CsbNcr16928eTiq4SngLBmW7GW0k=" /></digests></file><file dateTime="2020-02-11T14:36:46Z" description="An engine that host hosts the endpoint Ivanti Mqtt service." downloadUri="https://download.ivanticloud.com/d/e/UNO.MQTT.ENGINE64/1.1.40.0/MqttEngine64.msi" type="WindowsInstaller" key="UNO.MQTT.ENGINE64" name="MqttEngine64.msi" optional="false" size="3719168" version="1.1.40.0"><digests><digest algorithm="http://www.w3.org/2001/04/xmlenc#sha256" value="SBON8hDZm1wWKVUiBfN66U+Muhc66lHHaTaGdvHEC6k=" /></digests></file><file dateTime="2025-02-03T17:46:36Z" description="Inventory Engine" downloadUri="https://download.ivanticloud.com/d/e/UNO.INVENTORY.ENGINE.CENT7.86_64/1.2.18/inventory-engine-centos7x64.tar" type="TarRpm" key="UNO.INVENTORY.ENGINE.CENT7.86_64" name="inventory-engine-centos7x64.tar" optional="false" size="2396160" version="1.2.18"><digests><digest algorithm="http://www.w3.org/2001/04/xmlenc#sha256" value="tqVQRm93+w5B+15yHPqmuzMAhuWDIXwul3kq1ZSHhro=" /></digests></file><file dateTime="2025-02-03T17:50:40Z" description="Inventory Engine" downloadUri="https://download.ivanticloud.com/d/e/UNO.INVENTORY.ENGINE.RHEL7.86_64/1.2.18/inventory-engine-redhat7x64.tar" type="TarRpm" key="UNO.INVENTORY.ENGINE.RHEL7.86_64" name="inventory-engine-redhat7x64.tar" optional="false" size="2396160" version="1.2.18"><digests><digest algorithm="http://www.w3.org/2001/04/xmlenc#sha256" value="cy6p04F0m+KibMeXS05gCSeH/Rd/Z4I/7nBjN8OBbCk=" /></digests></file><file dateTime="2025-02-03T17:51:42Z" description="Inventory Engine" downloadUri="https://download.ivanticloud.com/d/e/UNO.INVENTORY.ENGINE.AMAZONV2.86_64/1.2.18/inventory-engine-amazonV2x64.tar" type="TarRpm" key="UNO.INVENTORY.ENGINE.AMAZONV2.86_64" name="inventory-engine-amazonV2x64.tar" optional="false" size="2396160" version="1.2.18"><digests><digest algorithm="http://www.w3.org/2001/04/xmlenc#sha256" value="YZC79DbY4Q4F1pC1hSWUD/jbBuj8yIiXSxvbDJE3yCM=" /></digests></file><file dateTime="2025-02-03T17:43:14Z" description="Inventory Engine" downloadUri="https://download.ivanticloud.com/d/e/UNO.INVENTORY.ENGINE.AMZN2023.86_64/1.2.18/inventory-engine-amzn2023x64.tar" type="TarRpm" key="UNO.INVENTORY.ENGINE.AMZN2023.86_64" name="inventory-engine-amzn2023x64.tar" optional="false" size="1515520" version="1.2.18"><digests><digest algorithm="http://www.w3.org/2001/04/xmlenc#sha256" value="NNtQvZi3bBtKLfuhNfvgsqUkk8ypOPHs9Pb5VyEKKG8=" /></digests></file><file dateTime="2025-02-03T17:51:34Z" description="Inventory Engine" downloadUri="https://download.ivanticloud.com/d/e/UNO.INVENTORY.ENGINE.RHEL8.86_64/1.2.18/inventory-engine-redhat8x64.tar" type="TarRpm" key="UNO.INVENTORY.ENGINE.RHEL8.86_64" name="inventory-engine-redhat8x64.tar" optional="false" size="1617920" version="1.2.18"><digests><digest algorithm="http://www.w3.org/2001/04/xmlenc#sha256" value="Hg+Q1n/ZvruCCfLt+UH9kkPYNfrLgnzwzrq7pPq7ZhI=" /></digests></file><file dateTime="2025-02-03T17:43:42Z" description="Inventory Engine" downloadUri="https://download.ivanticloud.com/d/e/UNO.INVENTORY.ENGINE.RHEL9.86_64/1.2.18/inventory-engine-redhat9x64.tar" type="TarRpm" key="UNO.INVENTORY.ENGINE.RHEL9.86_64" name="inventory-engine-redhat9x64.tar" optional="false" size="1515520" version="1.2.18"><digests><digest algorithm="http://www.w3.org/2001/04/xmlenc#sha256" value="Ss0ybg4jUsW8Hn/EJOMJOf3iQtbouq/cliCk0a+3yD0=" /></digests></file><file dateTime="2025-02-03T17:42:56Z" description="Inventory Engine" downloadUri="https://download.ivanticloud.com/d/e/UNO.INVENTORY.ENGINE.ORACLE7.86_64/1.2.18/inventory-engine-oracle7x64.tar" type="TarRpm" key="UNO.INVENTORY.ENGINE.ORACLE7.86_64" name="inventory-engine-oracle7x64.tar" optional="false" size="2396160" version="1.2.18"><digests><digest algorithm="http://www.w3.org/2001/04/xmlenc#sha256" value="7gR+LoNpl7sD/A4FKHIl6Ue5HDHOg02ViY6tiZlSZhQ=" /></digests></file><file dateTime="2025-02-03T17:43:10Z" description="Inventory Engine" downloadUri="https://download.ivanticloud.com/d/e/UNO.INVENTORY.ENGINE.ORACLE8.86_64/1.2.18/inventory-engine-oracle8x64.tar" type="TarRpm" key="UNO.INVENTORY.ENGINE.ORACLE8.86_64" name="inventory-engine-oracle8x64.tar" optional="false" size="1617920" version="1.2.18"><digests><digest algorithm="http://www.w3.org/2001/04/xmlenc#sha256" value="Oi71LfbHqDYYXf638Ve553j+LlJWMd8ku0t5QK9jhOw=" /></digests></file><file dateTime="2025-02-03T17:43:40Z" description="Inventory Engine" downloadUri="https://download.ivanticloud.com/d/e/UNO.INVENTORY.ENGINE.ORACLE9.86_64/1.2.18/inventory-engine-oracle9x64.tar" type="TarRpm" key="UNO.INVENTORY.ENGINE.ORACLE9.86_64" name="inventory-engine-oracle9x64.tar" optional="false" size="1515520" version="1.2.18"><digests><digest algorithm="http://www.w3.org/2001/04/xmlenc#sha256" value="7AZ7w5NaT6w4CuLdID80L8moD7kp5P1rH6VWVIvi3F4=" /></digests></file><file dateTime="2025-02-03T17:43:04Z" description="Inventory Engine" downloadUri="https://download.ivanticloud.com/d/e/UNO.INVENTORY.ENGINE.UBUNTU20.86_64/1.2.18/inventory-engine-ubuntu20x64.tar" type="TarRpm" key="UNO.INVENTORY.ENGINE.UBUNTU20.86_64" name="inventory-engine-ubuntu20x64.tar" optional="false" size="1484800" version="1.2.18"><digests><digest algorithm="http://www.w3.org/2001/04/xmlenc#sha256" value="J7msx1WCX9bz7W2Ib4KJ+W9uh7HigKlgJ2+i0V/aPJk=" /></digests></file><file dateTime="2025-02-03T17:43:40Z" description="Inventory Engine" downloadUri="https://download.ivanticloud.com/d/e/UNO.INVENTORY.ENGINE.UBUNTU22.86_64/1.2.18/inventory-engine-ubuntu22x64.tar" type="TarRpm" key="UNO.INVENTORY.ENGINE.UBUNTU22.86_64" name="inventory-engine-ubuntu22x64.tar" optional="false" size="1628160" version="1.2.18"><digests><digest algorithm="http://www.w3.org/2001/04/xmlenc#sha256" value="QBdZRpC0O73cjmrIcCxiVifcgVqlnTdjNvLRqMYav8w=" /></digests></file><file dateTime="2025-02-03T17:43:36Z" description="Inventory Engine" downloadUri="https://download.ivanticloud.com/d/e/UNO.INVENTORY.ENGINE.UBUNTU24.86_64/1.2.18/inventory-engine-ubuntu24x64.tar" type="TarRpm" key="UNO.INVENTORY.ENGINE.UBUNTU24.86_64" name="inventory-engine-ubuntu24x64.tar" optional="false" size="1546240" version="1.2.18"><digests><digest algorithm="http://www.w3.org/2001/04/xmlenc#sha256" value="5xpDWALA6+lConcNYr1b8rU8Ztu1NRPJ/sTd8sUznYI=" /></digests></file><file dateTime="2025-02-03T17:43:04Z" description="Inventory Engine" downloadUri="https://download.ivanticloud.com/d/e/UNO.INVENTORY.ENGINE.SLES12.86_64/1.2.18/inventory-engine-sles12x64.tar" type="TarRpm" key="UNO.INVENTORY.ENGINE.SLES12.86_64" name="inventory-engine-sles12x64.tar" optional="false" size="1505280" version="1.2.18"><digests><digest algorithm="http://www.w3.org/2001/04/xmlenc#sha256" value="Ano3V8sA5Y8afwkXNMhZVduNdTIJq1xVPd0NA6m/o6g=" /></digests></file><file dateTime="2025-02-03T17:42:54Z" description="Inventory Engine" downloadUri="https://download.ivanticloud.com/d/e/UNO.INVENTORY.ENGINE.SLES15.86_64/1.2.18/inventory-engine-sles15x64.tar" type="TarRpm" key="UNO.INVENTORY.ENGINE.SLES15.86_64" name="inventory-engine-sles15x64.tar" optional="false" size="1484800" version="1.2.18"><digests><digest algorithm="http://www.w3.org/2001/04/xmlenc#sha256" value="G2uo+2qyxX3UyLS3aEgjx5UwptoJnvIpelxqDJ1pJGU=" /></digests></file><file dateTime="2025-02-03T17:54:40Z" description="Inventory Engine" downloadUri="https://download.ivanticloud.com/d/e/UNO.INVENTORY.ENGINE.ROCKY8.86_64/1.2.18/inventory-engine-rocky8x64.tar" type="TarRpm" key="UNO.INVENTORY.ENGINE.ROCKY8.86_64" name="inventory-engine-rocky8x64.tar" optional="false" size="1617920" version="1.2.18"><digests><digest algorithm="http://www.w3.org/2001/04/xmlenc#sha256" value="vMs9t71uo5HQhM7fIsudVd9Mpvi1Z4yjZ+1P+cSkFSQ=" /></digests></file><file dateTime="2025-02-03T17:46:12Z" description="Inventory Engine" downloadUri="https://download.ivanticloud.com/d/e/UNO.INVENTORY.ENGINE.ROCKY9.86_64/1.2.18/inventory-engine-rocky9x64.tar" type="TarRpm" key="UNO.INVENTORY.ENGINE.ROCKY9.86_64" name="inventory-engine-rocky9x64.tar" optional="false" size="1515520" version="1.2.18"><digests><digest algorithm="http://www.w3.org/2001/04/xmlenc#sha256" value="wqrkoDDJ715jyXCXJZENY36JL4s9bCAsaPNnwgb1as4=" /></digests></file><file dateTime="2024-07-31T17:14:18Z" description="CSEP Prerequisite" downloadUri="https://download.ivanticloud.com/d/e/UNO.CSEP.ENGINE.PREREQ/1.0.376.0/CsepPrereqInstaller-x86.msi" type="WindowsInstaller" key="UNO.CSEP.ENGINE.PREREQ" name="CsepPrereqInstaller-x86.msi" optional="false" size="4050944" version="1.0.376.0"><digests><digest algorithm="http://www.w3.org/2001/04/xmlenc#sha256" value="KTII3OpR52r/xJex2VLpOMhVvpgI8r1+6YWuWMA3MRE=" /></digests></file><file dateTime="2024-07-31T16:57:12Z" description="CSEP Prerequisite" downloadUri="https://download.ivanticloud.com/d/e/UNO.CSEP.ENGINE64.PREREQ/1.0.376.0/CsepPrereqInstaller-x64.msi" type="WindowsInstaller" key="UNO.CSEP.ENGINE64.PREREQ" name="CsepPrereqInstaller-x64.msi" optional="false" size="4460544" version="1.0.376.0"><digests><digest algorithm="http://www.w3.org/2001/04/xmlenc#sha256" value="0Iu1GK3v9WTYCyh4gX0J4lhTuRYnYLqkbh+bjn0ZezE=" /></digests></file><file dateTime="2020-01-17T08:54:20Z" description="AppControl Engine" downloadUri="https://download.ivanticloud.com/d/e/AGENTAC/12.2.127.0/AppControlEngineCloud32.msi" type="WindowsInstaller" key="AGENTAC" name="AppControlEngineCloud32.msi" optional="false" size="31076352" version="12.2.127.0"><digests><digest algorithm="http://www.w3.org/2001/04/xmlenc#sha256" value="MqN9EqCF6csw+t5vUb47ft8pIvbt5GeC5WKMRVt72OQ=" /></digests></file><file dateTime="2020-01-17T09:03:38Z" description="AppControl Engine" downloadUri="https://download.ivanticloud.com/d/e/AGENTAC64/12.2.127.0/AppControlEngineCloud64.msi" type="WindowsInstaller" key="AGENTAC64" name="AppControlEngineCloud64.msi" optional="false" size="44711936" version="12.2.127.0"><digests><digest algorithm="http://www.w3.org/2001/04/xmlenc#sha256" value="J7gkCqZh8EvRil3HzOVxvOdefctywQXAptt/nldEQGk=" /></digests></file><file dateTime="2024-08-02T08:51:48Z" description="Discovery Engine" downloadUri="https://download.ivanticloud.com/d/e/UNO.DISCOVERY.ENGINE/1.0.1096.0/DiscoveryEngineInstaller-x86.msi" type="WindowsInstaller" key="UNO.DISCOVERY.ENGINE" name="DiscoveryEngineInstaller-x86.msi" optional="false" size="9383936" version="1.0.1096.0"><digests><digest algorithm="http://www.w3.org/2001/04/xmlenc#sha256" value="7hA3CW96JvJcvzTBAvEVYuixUd1M0qFMWAjm7H/Nd6Q=" /></digests></file><file dateTime="2024-08-02T08:44:40Z" description="Discovery Engine" downloadUri="https://download.ivanticloud.com/d/e/UNO.DISCOVERY.ENGINE64/1.0.1096.0/DiscoveryEngineInstaller-x64.msi" type="WindowsInstaller" key="UNO.DISCOVERY.ENGINE64" name="DiscoveryEngineInstaller-x64.msi" optional="false" size="9490432" version="1.0.1096.0"><digests><digest algorithm="http://www.w3.org/2001/04/xmlenc#sha256" value="TsGKLYBclLThpjq19gC4NUyhw5pBP3xbtR4mGFPupSk=" /></digests></file><file dateTime="2025-01-29T16:46:02Z" description="Discovery Agentless Engine" downloadUri="https://download.ivanticloud.com/d/e/UNO.DISCOVERY.AGENTLESS.ENGINE/1.0.1141.0/AgentlessEngineInstaller-x86.msi" type="WindowsInstaller" key="UNO.DISCOVERY.AGENTLESS.ENGINE" name="AgentlessEngineInstaller-x86.msi" optional="false" size="23027712" version="1.0.1141.0"><digests><digest algorithm="http://www.w3.org/2001/04/xmlenc#sha256" value="uRCIYEThiT2RFiOzKmPjjWrVCsxbjTpMK1pwQiuXld0=" /></digests></file><file dateTime="2025-01-29T16:47:42Z" description="Discovery Agentless Engine" downloadUri="https://download.ivanticloud.com/d/e/UNO.DISCOVERY.AGENTLESS.ENGINE64/1.0.1141.0/AgentlessEngineInstaller-x64.msi" type="WindowsInstaller" key="UNO.DISCOVERY.AGENTLESS.ENGINE64" name="AgentlessEngineInstaller-x64.msi" optional="false" size="23306240" version="1.0.1141.0"><digests><digest algorithm="http://www.w3.org/2001/04/xmlenc#sha256" value="3f6/ErqC5G9ZHTasWYQ16KbSJQXXNRssIiXULxVo+r0=" /></digests></file><file dateTime="2024-04-09T06:41:04Z" description="CSEP Engine" downloadUri="https://download.ivanticloud.com/d/e/UNO.CSEP.ENGINE/1.0.364.0/CsepEngineInstaller-x86.msi" type="WindowsInstaller" key="UNO.CSEP.ENGINE" name="CsepEngineInstaller-x86.msi" optional="false" size="3878912" version="1.0.364.0"><digests><digest algorithm="http://www.w3.org/2001/04/xmlenc#sha256" value="YPC4m0Gjmt68OBtbCEEtKqFWzTvcQ7LAulzuOKA9t7Q=" /></digests></file><file dateTime="2024-04-09T06:42:28Z" description="CSEP Engine" downloadUri="https://download.ivanticloud.com/d/e/UNO.CSEP.ENGINE64/1.0.364.0/CsepEngineInstaller-x64.msi" type="WindowsInstaller" key="UNO.CSEP.ENGINE64" name="CsepEngineInstaller-x64.msi" optional="false" size="4259840" version="1.0.364.0"><digests><digest algorithm="http://www.w3.org/2001/04/xmlenc#sha256" value="zWJ9qVhHzTMF0lsNYILekV89eZDLDVW1u7J862OOfC8=" /></digests></file><file dateTime="2025-10-13T01:41:26Z" description="Application Control Hybrid Engine" downloadUri="https://download.ivanticloud.com/d/e/UWM_AC_ENGINE.WIN64/10.17.0.0/ApplicationManagerAgent64.msi" type="WindowsInstaller" key="UWM_AC_ENGINE.WIN64" name="ApplicationManagerAgent64.msi" optional="false" size="71602176" version="10.17.0.0"><digests><digest algorithm="http://www.w3.org/2001/04/xmlenc#sha256" value="MDsZwiku8hTzZk8cW8clCONYFpto4oJQI0Canf2XJwE=" /></digests></file><file dateTime="2025-10-09T18:01:32Z" description="Application Control Neurons Engine" downloadUri="https://download.ivanticloud.com/d/e/UWM_AC_ENGINE_NEURONS.WIN64/10.17.0.1/ApplicationManagerAgentForNeurons64.msi" type="WindowsInstaller" key="UWM_AC_ENGINE_NEURONS.WIN64" name="ApplicationManagerAgentForNeurons64.msi" optional="false" size="71569408" version="10.17.0.1"><digests><digest algorithm="http://www.w3.org/2001/04/xmlenc#sha256" value="rQ2FXdv6FDRjkFJylZCzyDOxg026O9RUhCaYRXEQfD8=" /></digests></file><file dateTime="2025-10-31T17:04:44Z" description="Environment Manager Hybrid Engine" downloadUri="https://download.ivanticloud.com/d/e/UWM_EM_ENGINE.WIN64/10.17.0.0/EnvironmentManagerAgent64.msi" type="WindowsInstaller" key="UWM_EM_ENGINE.WIN64" name="EnvironmentManagerAgent64.msi" optional="false" size="57794560" version="10.17.0.0"><digests><digest algorithm="http://www.w3.org/2001/04/xmlenc#sha256" value="zy6lzg9Ab0kba4++rS2KRu6tGVo54kKaiQnkJ7WeuW4=" /></digests></file><file dateTime="2025-10-11T17:31:26Z" description="Performance Manager Hybrid Engine" downloadUri="https://download.ivanticloud.com/d/e/UWM_PM_ENGINE.WIN64/10.17.0.0/PerformanceManagerAgent64.msi" type="WindowsInstaller" key="UWM_PM_ENGINE.WIN64" name="PerformanceManagerAgent64.msi" optional="false" size="11890688" version="10.17.0.0"><digests><digest algorithm="http://www.w3.org/2001/04/xmlenc#sha256" value="0cMOqBr9Tac2thk1IyEB1OK7BZjJURpfCaArfLH0Eos=" /></digests></file><file dateTime="2018-04-30T12:00:00Z" description="Agentless Remote Control for CI Landscape" downloadUri="https://download.ivanticloud.com/d/e/UNO.REMOTECONTROL.AGENTLESS.SFX.CI/1.0.75.0/SfxAgentlessRemoteControl-CI.exe" type="Binary" key="UNO.REMOTECONTROL.AGENTLESS.SFX.CI" name="SfxAgentlessRemoteControl-CI.exe" optional="false" size="3945096" version="1.0.75.0"><digests><digest algorithm="http://www.w3.org/2001/04/xmlenc#sha256" value="Nhfrm9PNJtwG88xweu9bApdA+l/tmfgWf/KlXnG8RbU=" /></digests></file><file dateTime="2018-04-30T12:00:00Z" description="Agentless Remote Control for DevProd Landscape" downloadUri="https://download.ivanticloud.com/d/e/UNO.REMOTECONTROL.AGENTLESS.SFX.DEVPROD/1.0.75.0/SfxAgentlessRemoteControl-DevProd.exe" type="Binary" key="UNO.REMOTECONTROL.AGENTLESS.SFX.DEVPROD" name="SfxAgentlessRemoteControl-DevProd.exe" optional="false" size="3945096" version="1.0.75.0"><digests><digest algorithm="http://www.w3.org/2001/04/xmlenc#sha256" value="ujWl8gvMljZniyKo7Y0jQ4CIfsSGmqgp7OROhExfDfE=" /></digests></file><file dateTime="2018-04-30T12:00:00Z" description="Agentless Remote Control for FRU Landscape" downloadUri="https://download.ivanticloud.com/d/e/UNO.REMOTECONTROL.AGENTLESS.SFX.FRU/1.0.75.0/SfxAgentlessRemoteControl-FRU.exe" type="Binary" key="UNO.REMOTECONTROL.AGENTLESS.SFX.FRU" name="SfxAgentlessRemoteControl-FRU.exe" optional="false" size="3945096" version="1.0.75.0"><digests><digest algorithm="http://www.w3.org/2001/04/xmlenc#sha256" value="ucS+RcvkxHRN6G38+IgPbj16IIppWlT3xgel+hv6yHU=" /></digests></file><file dateTime="2018-04-30T12:00:00Z" description="Agentless Remote Control for MLU Landscape" downloadUri="https://download.ivanticloud.com/d/e/UNO.REMOTECONTROL.AGENTLESS.SFX.MLU/1.0.75.0/SfxAgentlessRemoteControl-MLU.exe" type="Binary" key="UNO.REMOTECONTROL.AGENTLESS.SFX.MLU" name="SfxAgentlessRemoteControl-MLU.exe" optional="false" size="3945096" version="1.0.75.0"><digests><digest algorithm="http://www.w3.org/2001/04/xmlenc#sha256" value="Uel9bygm7Welmzg8Xs/faImFEeHYKeHDy1zuXxnTlm0=" /></digests></file><file dateTime="2018-04-30T12:00:00Z" description="Agentless Remote Control for NVU Landscape" downloadUri="https://download.ivanticloud.com/d/e/UNO.REMOTECONTROL.AGENTLESS.SFX.NVU/1.0.75.0/SfxAgentlessRemoteControl-NVU.exe" type="Binary" key="UNO.REMOTECONTROL.AGENTLESS.SFX.NVU" name="SfxAgentlessRemoteControl-NVU.exe" optional="false" size="3945096" version="1.0.75.0"><digests><digest algorithm="http://www.w3.org/2001/04/xmlenc#sha256" value="F2vDNIIjqmOHAAl8Qb9akEH4dot1xRF2HO0lIW3vXgQ=" /></digests></file><file dateTime="2018-04-30T12:00:00Z" description="Agentless Remote Control for UKU Landscape" downloadUri="https://download.ivanticloud.com/d/e/UNO.REMOTECONTROL.AGENTLESS.SFX.UKU/1.0.75.0/SfxAgentlessRemoteControl-UKU.exe" type="Binary" key="UNO.REMOTECONTROL.AGENTLESS.SFX.UKU" name="SfxAgentlessRemoteControl-UKU.exe" optional="false" size="3945096" version="1.0.75.0"><digests><digest algorithm="http://www.w3.org/2001/04/xmlenc#sha256" value="Q/mqaIrnIlPuezVI+9LmbC8B0mdUnf9T8MPR6He7u5Q=" /></digests></file><file dateTime="2018-04-30T12:00:00Z" description="Agentless Remote Control for TTU Landscape" downloadUri="https://download.ivanticloud.com/d/e/UNO.REMOTECONTROL.AGENTLESS.SFX.TTU/1.0.75.0/SfxAgentlessRemoteControl-TTU.exe" type="Binary" key="UNO.REMOTECONTROL.AGENTLESS.SFX.TTU" name="SfxAgentlessRemoteControl-TTU.exe" optional="false" size="3945096" version="1.0.75.0"><digests><digest algorithm="http://www.w3.org/2001/04/xmlenc#sha256" value="SY1X9Fh49xZcHtppje3CK5QgcOY0Xyg46uf28n/iAw4=" /></digests></file><file dateTime="2018-04-30T12:00:00Z" description="Agentless Remote Control for TKU Landscape" downloadUri="https://download.ivanticloud.com/d/e/UNO.REMOTECONTROL.AGENTLESS.SFX.TKU/1.0.75.0/SfxAgentlessRemoteControl-TKU.exe" type="Binary" key="UNO.REMOTECONTROL.AGENTLESS.SFX.TKU" name="SfxAgentlessRemoteControl-TKU.exe" optional="false" size="3945096" version="1.0.75.0"><digests><digest algorithm="http://www.w3.org/2001/04/xmlenc#sha256" value="S4KEAx87fLpUrcSu13YI87qjAr0eh051CEkKQR5+4oo=" /></digests></file><file dateTime="2020-01-17T14:01:46Z" description="An engine that uploads Patch impact data." downloadUri="https://download.ivanticloud.com/d/e/AGENTIMPACT/1.1.29.0/ImpactEngine32.msi" type="WindowsInstaller" key="AGENTIMPACT" name="ImpactEngine32.msi" optional="false" size="3010560" version="1.1.29.0"><digests><digest algorithm="http://www.w3.org/2001/04/xmlenc#sha256" value="gqjul08sEriPYoPhX6Z5tfuF3uz3Bfhf4N8Bxw5lr3E=" /></digests></file><file dateTime="2020-01-17T14:01:52Z" description="An engine that uploads Patch impact data." downloadUri="https://download.ivanticloud.com/d/e/AGENTIMPACT64/1.1.29.0/ImpactEngine64.msi" type="WindowsInstaller" key="AGENTIMPACT64" name="ImpactEngine64.msi" optional="false" size="3710976" version="1.1.29.0"><digests><digest algorithm="http://www.w3.org/2001/04/xmlenc#sha256" value="HoR5Rt4jAMv6BwXgnZHn4iJAVUndKaakW/6mU6rDoPQ=" /></digests></file><file dateTime="2026-01-12T22:07:16Z" description="An engine that provides Remote Control." downloadUri="https://download.ivanticloud.com/d/e/AGENTREMOTECONTROL/1.2.362.0/RemoteControlEngine32.msi" type="WindowsInstaller" key="AGENTREMOTECONTROL" name="RemoteControlEngine32.msi" optional="false" size="4501504" version="1.2.362.0"><digests><digest algorithm="http://www.w3.org/2001/04/xmlenc#sha256" value="BR4isw5Rg101iuF7CootbxJP9oxVISOfifah0wTqMKo=" /></digests></file><file dateTime="2026-01-12T22:07:32Z" description="An engine that provides Remote Control." downloadUri="https://download.ivanticloud.com/d/e/AGENTREMOTECONTROL64/1.2.362.0/RemoteControlEngine64.msi" type="WindowsInstaller" key="AGENTREMOTECONTROL64" name="RemoteControlEngine64.msi" optional="false" size="5001216" version="1.2.362.0"><digests><digest algorithm="http://www.w3.org/2001/04/xmlenc#sha256" value="CD4TiAUXq0hqwuHs1ZKiSUJzxp+X+DQCDsFuB+OUCco=" /></digests></file><file dateTime="2026-01-23T08:06:46Z" description="Remote Control Mac Engine" downloadUri="https://download.ivanticloud.com/d/e/AGENTREMOTECONTROL.MAC/2.0.0.364/IVRemoteControlEngine.dmg" type="Dmg" key="AGENTREMOTECONTROL.MAC" name="IVRemoteControlEngine.dmg" optional="false" size="11965332" version="2.0.0.364"><digests><digest algorithm="http://www.w3.org/2001/04/xmlenc#sha256" value="tsO4tiJLZYsSql42HVnPoKP7xvrL5dE/grF1AAy26i8=" /></digests></file><file dateTime="2020-02-03T12:37:48Z" description="An engine that provides an interface to OSQuery." downloadUri="https://download.ivanticloud.com/d/e/AGENTOSQUERY/1.1.18.0/OsQueryEngine32.msi" type="WindowsInstaller" key="AGENTOSQUERY" name="OsQueryEngine32.msi" optional="false" size="5914624" version="1.1.18.0"><digests><digest algorithm="http://www.w3.org/2001/04/xmlenc#sha256" value="zQl7a4qXSbjy8S1ZeMTAhdJDioG/Go687zcAOGrZSWc=" /></digests></file><file dateTime="2020-02-03T12:37:58Z" description="An engine that provides an interface to OSQuery." downloadUri="https://download.ivanticloud.com/d/e/AGENTOSQUERY64/1.1.18.0/OsQueryEngine64.msi" type="WindowsInstaller" key="AGENTOSQUERY64" name="OsQueryEngine64.msi" optional="false" size="6447104" version="1.1.18.0"><digests><digest algorithm="http://www.w3.org/2001/04/xmlenc#sha256" value="JPfw0/NcWkhS3FA46eSYjR6DAapSuC3ak4/IiMx6bWg=" /></digests></file><file dateTime="2026-01-23T08:04:38Z" description="A linux engine that can install agents on other machines" downloadUri="https://download.ivanticloud.com/d/e/DEPLOYMENTCENT7/1.0.224/DeploymentEngine-CentOS7.tar" type="TarRpm" key="DEPLOYMENTCENT7" name="DeploymentEngine-CentOS7.tar" optional="false" size="4792320" version="1.0.224"><digests><digest algorithm="http://www.w3.org/2001/04/xmlenc#sha256" value="imq9U7mo1d1isbP++kOeZlWgPJVMwktc72LT48xXhuM=" /></digests></file><file dateTime="2025-05-15T17:07:20Z" description="An engine that can install agents on other machines" downloadUri="https://download.ivanticloud.com/d/e/DEPLOYMENTWIN32/1.3.35.0/DeploymentEngineInstaller32.msi" type="WindowsInstaller" key="DEPLOYMENTWIN32" name="DeploymentEngineInstaller32.msi" optional="false" size="3235840" version="1.3.35.0"><digests><digest algorithm="http://www.w3.org/2001/04/xmlenc#sha256" value="Sdh+v8djlmp8yH1cYoiT2IyTs4ENEcmRImBki4tJM9g=" /></digests></file><file dateTime="2025-05-15T17:07:20Z" description="An engine that can install agents on other machines" downloadUri="https://download.ivanticloud.com/d/e/DEPLOYMENTWIN64/1.3.35.0/DeploymentEngineInstaller64.msi" type="WindowsInstaller" key="DEPLOYMENTWIN64" name="DeploymentEngineInstaller64.msi" optional="false" size="3276800" version="1.3.35.0"><digests><digest algorithm="http://www.w3.org/2001/04/xmlenc#sha256" value="rLwgfTRej1cw0OIemn4FHLQN8fFvJ/DIt7qbStuCaag=" /></digests></file><file dateTime="2025-12-08T18:10:44Z" description="PreferredServer Sync Engine" downloadUri="https://download.ivanticloud.com/d/e/SYNCENGINEARM64/1.1.164.0/SyncEngineInstallerArm64.msi" type="WindowsInstaller" key="SYNCENGINEARM64" name="SyncEngineInstallerArm64.msi" optional="false" size="1097728" version="1.1.164.0"><digests><digest algorithm="http://www.w3.org/2001/04/xmlenc#sha256" value="xwZf123ayMvh/I2MqkCnF1cxXIkHeGkNSqWKybEVKZ8=" /></digests></file><file dateTime="2025-12-08T18:10:44Z" description="PreferredServer Sync Engine" downloadUri="https://download.ivanticloud.com/d/e/SYNCENGINEX64/1.1.164.0/SyncEngineInstaller64.msi" type="WindowsInstaller" key="SYNCENGINEX64" name="SyncEngineInstaller64.msi" optional="false" size="1110016" version="1.1.164.0"><digests><digest algorithm="http://www.w3.org/2001/04/xmlenc#sha256" value="UK5GXshptTTkp+vUthcrK9oFVXLf9215rNanKhcVl0o=" /></digests></file><file dateTime="2022-04-27T13:51:42Z" description="Avalanche Engine" downloadUri="https://download.ivanticloud.com/d/e/AVALANCHEENGINE64/6.3.3.51/AvalancheEngine.msi" type="WindowsInstaller" key="AVALANCHEENGINE64" name="AvalancheEngine.msi" optional="false" size="2428928" version="6.3.3.51"><digests><digest algorithm="http://www.w3.org/2001/04/xmlenc#sha256" value="ZNMEZyVVISli6dkALqXchDFKibkRorSeVN/B+eE2zoc=" /></digests></file><file dateTime="2026-01-23T08:07:02Z" description="Linux patch to zero patch engine for Centos 7" downloadUri="https://download.ivanticloud.com/d/e/AGENTPATCHP2Z-CENTOS-7-X64/9.6.905838/NeuronsAgentPatchP2Z-Centos7.tar" type="TarRpm" key="AGENTPATCHP2Z-CENTOS-7-X64" name="NeuronsAgentPatchP2Z-Centos7.tar" optional="false" size="2816000" version="9.6.905838"><digests><digest algorithm="http://www.w3.org/2001/04/xmlenc#sha256" value="DLDbEF8oXtD3zn5Jw3+X8ZmkquSMZfLe4FJX2TivhVc=" /></digests></file><file dateTime="2026-01-23T08:07:04Z" description="Linux patch to zero patch engine for Oracle Linux 7" downloadUri="https://download.ivanticloud.com/d/e/AGENTPATCHP2Z-ORACLE-7-X64/9.6.905838/NeuronsAgentPatchP2Z-Oracle7.tar" type="TarRpm" key="AGENTPATCHP2Z-ORACLE-7-X64" name="NeuronsAgentPatchP2Z-Oracle7.tar" optional="false" size="2816000" version="9.6.905838"><digests><digest algorithm="http://www.w3.org/2001/04/xmlenc#sha256" value="1p9eDWPNJxr+GJfVTvSRJcjSgKxWDJGHhaYh+oKmBzc=" /></digests></file><file dateTime="2026-01-23T08:07:06Z" description="Linux patch to zero patch engine for Oracle Linux 8" downloadUri="https://download.ivanticloud.com/d/e/AGENTPATCHP2Z-ORACLE-8-X64/9.6.905838/NeuronsAgentPatchP2Z-Oracle8.tar" type="TarRpm" key="AGENTPATCHP2Z-ORACLE-8-X64" name="NeuronsAgentPatchP2Z-Oracle8.tar" optional="false" size="1955840" version="9.6.905838"><digests><digest algorithm="http://www.w3.org/2001/04/xmlenc#sha256" value="jRnn//s8irCvHwFvvgxKyOC+lMV6ipzPIRqe/zMbODw=" /></digests></file><file dateTime="2026-01-23T08:07:08Z" description="Linux patch to zero patch engine for Oracle Linux 9" downloadUri="https://download.ivanticloud.com/d/e/AGENTPATCHP2Z-ORACLE-9-X64/9.6.905838/NeuronsAgentPatchP2Z-Oracle9.tar" type="TarRpm" key="AGENTPATCHP2Z-ORACLE-9-X64" name="NeuronsAgentPatchP2Z-Oracle9.tar" optional="false" size="1904640" version="9.6.905838"><digests><digest algorithm="http://www.w3.org/2001/04/xmlenc#sha256" value="BItG96z4DtWCt8ZQvn97fhb1GTPXmxTU1ssdMU1yi00=" /></digests></file><file dateTime="2026-01-23T08:07:08Z" description="Linux patch to zero patch engine for Redhat Linux 7" downloadUri="https://download.ivanticloud.com/d/e/AGENTPATCHP2Z-REDHAT-7-X64/9.6.905838/NeuronsAgentPatchP2Z-Rhel7.tar" type="TarRpm" key="AGENTPATCHP2Z-REDHAT-7-X64" name="NeuronsAgentPatchP2Z-Rhel7.tar" optional="false" size="2816000" version="9.6.905838"><digests><digest algorithm="http://www.w3.org/2001/04/xmlenc#sha256" value="6ePLSGtAKVuWSUeB/YZW2/iik8oCpo/3mPEQGTmkSvU=" /></digests></file><file dateTime="2026-01-23T08:07:10Z" description="Linux patch to zero patch engine for Redhat Linux 8" downloadUri="https://download.ivanticloud.com/d/e/AGENTPATCHP2Z-REDHAT-8-X64/9.6.905838/NeuronsAgentPatchP2Z-Rhel8.tar" type="TarRpm" key="AGENTPATCHP2Z-REDHAT-8-X64" name="NeuronsAgentPatchP2Z-Rhel8.tar" optional="false" size="1955840" version="9.6.905838"><digests><digest algorithm="http://www.w3.org/2001/04/xmlenc#sha256" value="y5Xz5YPD/Vomq8kLEH5y6WPqDXIpzHQ16xUUSfR8ZBM=" /></digests></file><file dateTime="2026-01-23T08:07:12Z" description="Linux patch to zero patch engine for Redhat Linux 9" downloadUri="https://download.ivanticloud.com/d/e/AGENTPATCHP2Z-REDHAT-9-X64/9.6.905838/NeuronsAgentPatchP2Z-Rhel9.tar" type="TarRpm" key="AGENTPATCHP2Z-REDHAT-9-X64" name="NeuronsAgentPatchP2Z-Rhel9.tar" optional="false" size="1904640" version="9.6.905838"><digests><digest algorithm="http://www.w3.org/2001/04/xmlenc#sha256" value="nHG9ncJpUWgkA2+2z3V7sSiIU6kM7JuZemFpR/+ei0M=" /></digests></file><file dateTime="2026-01-23T08:07:14Z" description="Linux patch to zero patch engine for AMZN 2" downloadUri="https://download.ivanticloud.com/d/e/AGENTPATCHP2Z-AMZN-2-X64/9.6.905838/NeuronsAgentPatchP2Z-AMZN2.tar" type="TarRpm" key="AGENTPATCHP2Z-AMZN-2-X64" name="NeuronsAgentPatchP2Z-AMZN2.tar" optional="false" size="2017280" version="9.6.905838"><digests><digest algorithm="http://www.w3.org/2001/04/xmlenc#sha256" value="n9GaZ0KTtCb6LPhr2tftbUh2WcYACGg9fVVeKQKqi0s=" /></digests></file><file dateTime="2026-01-23T08:07:14Z" description="Linux patch to zero patch engine for AMZN 2023" downloadUri="https://download.ivanticloud.com/d/e/AGENTPATCHP2Z-AMZN-2023-X64/9.6.905838/NeuronsAgentPatchP2Z-AMZN2023.tar" type="TarRpm" key="AGENTPATCHP2Z-AMZN-2023-X64" name="NeuronsAgentPatchP2Z-AMZN2023.tar" optional="false" size="1904640" version="9.6.905838"><digests><digest algorithm="http://www.w3.org/2001/04/xmlenc#sha256" value="FUavCYmTq/OmIJgEtucTGLJwyktBigELn9bTmkTTI6Q=" /></digests></file><file dateTime="2026-01-23T08:07:00Z" description="Mac patch engine" downloadUri="https://download.ivanticloud.com/d/e/AGENTPATCHMAC/1.0.1.134/AGENTPATCHMAC.DMG" type="Dmg" key="AGENTPATCHMAC" name="AGENTPATCHMAC.DMG" optional="false" size="8333913" version="1.0.1.134"><digests><digest algorithm="http://www.w3.org/2001/04/xmlenc#sha256" value="Gr9s7x2unB7jbxz+TGHrTq+QnCCxVo2oLreEgAKcbeU=" /></digests></file><file dateTime="2026-01-06T19:07:34Z" description="Engine which provides a GUI for Windows x86" downloadUri="https://download.ivanticloud.com/d/e/AGENTUIWIN/1.1.742.0/NeuronsAgentUIInstaller.msi" type="WindowsInstaller" key="AGENTUIWIN" name="NeuronsAgentUIInstaller.msi" optional="false" size="13901824" version="1.1.742.0"><digests><digest algorithm="http://www.w3.org/2001/04/xmlenc#sha256" value="5ww5AUbOKGkZu5vkgDoixX7T3rlO1yTRC5LbPtglCow=" /></digests></file><file dateTime="2026-01-06T19:06:44Z" description="Engine which provides a GUI for Windows x64" downloadUri="https://download.ivanticloud.com/d/e/AGENTUIWIN64/1.1.742.0/NeuronsAgentUIInstaller64.msi" type="WindowsInstaller" key="AGENTUIWIN64" name="NeuronsAgentUIInstaller64.msi" optional="false" size="14024704" version="1.1.742.0"><digests><digest algorithm="http://www.w3.org/2001/04/xmlenc#sha256" value="xskP5mWnHiT6axZgfZHaApBW2yVyu1mvUxh4tN82+Hw=" /></digests></file><file dateTime="2026-01-06T19:05:38Z" description="Engine which provides a GUI for Windows ARM64" downloadUri="https://download.ivanticloud.com/d/e/AGENTUIWINARM64/1.1.742.0/NeuronsAgentUIInstallerArm64.msi" type="WindowsInstaller" key="AGENTUIWINARM64" name="NeuronsAgentUIInstallerArm64.msi" optional="false" size="14004224" version="1.1.742.0"><digests><digest algorithm="http://www.w3.org/2001/04/xmlenc#sha256" value="2ZbwQ4ElIZerASqaZtOB053jtsPZOhKBZydwvhroqQk=" /></digests></file><file dateTime="2026-01-06T19:25:52Z" description="Patch Engine for Windows x86" downloadUri="https://download.ivanticloud.com/d/e/AGENTPATCH/1.1.142.0/CloudPatchInstaller.msi" type="WindowsInstaller" key="AGENTPATCH" name="CloudPatchInstaller.msi" optional="false" size="2355200" version="1.1.142.0"><digests><digest algorithm="http://www.w3.org/2001/04/xmlenc#sha256" value="HjHX01mTivw23rI/TQy9nng+ZPGJQRSO6WXr4OZNSZE=" /></digests></file><file dateTime="2026-01-06T19:25:26Z" description="Patch Engine for Windows x64" downloadUri="https://download.ivanticloud.com/d/e/AGENTPATCH64/1.1.142.0/CloudPatchInstaller64.msi" type="WindowsInstaller" key="AGENTPATCH64" name="CloudPatchInstaller64.msi" optional="false" size="2600960" version="1.1.142.0"><digests><digest algorithm="http://www.w3.org/2001/04/xmlenc#sha256" value="F2FsjDTAqFVInUnw3Y8XTGJv5CRFbj+hUb6uJbscA6I=" /></digests></file><file dateTime="2026-01-06T19:24:56Z" description="Patch Engine for Windows ARM64" downloadUri="https://download.ivanticloud.com/d/e/AGENTPATCHARM64/1.1.142.0/CloudPatchInstallerArm64.msi" type="WindowsInstaller" key="AGENTPATCHARM64" name="CloudPatchInstallerArm64.msi" optional="false" size="2781184" version="1.1.142.0"><digests><digest algorithm="http://www.w3.org/2001/04/xmlenc#sha256" value="C7kw+6vYbhat1TFic1kTiBdV+N7CMqkRlq+ve8WrKD8=" /></digests></file><file dateTime="2025-08-28T17:17:37Z" description="Archive file utility 64-bit" downloadUri="https://download.ivanticloud.com/d/e/7ZDLL64/25.1.0.0/7z64.dll" type="Binary" key="7ZDLL64" name="7z64.dll" optional="true" packageRef="7ZCAB64" size="2418712" version="25.1.0.0"><digests><digest algorithm="http://www.w3.org/2001/04/xmlenc#sha256" value="ZLnUJn5y/mZd/ciBiKTXTriVfgIn64NuNFpAB54rZ0E=" /></digests></file><file dateTime="2025-08-28T17:17:56Z" description="Archive file utility ARM 64-bit" downloadUri="https://download.ivanticloud.com/d/e/7ZDLLARM64/25.1.0.0/7zArm64.dll" type="Binary" key="7ZDLLARM64" name="7zArm64.dll" optional="true" packageRef="7ZCABARM64" size="2782328" version="25.1.0.0"><digests><digest algorithm="http://www.w3.org/2001/04/xmlenc#sha256" value="qoTIe4rG7FyIUb5BPOvf6AwiF1ueH8YubxUPCHGz0C0=" /></digests></file><file dateTime="2025-08-28T17:17:37Z" description="Archive file utility" downloadUri="https://download.ivanticloud.com/d/e/7ZDLL/25.1.0.0/7z.dll" type="Binary" key="7ZDLL" name="7z.dll" optional="true" packageRef="7ZCAB" size="2172840" version="25.1.0.0"><digests><digest algorithm="http://www.w3.org/2001/04/xmlenc#sha256" value="gdpVrDA1hObrcpblb7p2CoOa1a1TcbqUm0YfLvKKGIw=" /></digests></file><file dateTime="2026-01-06T16:22:58Z" description="Deployment Library Command Line Interface 64-bit" downloadUri="https://download.ivanticloud.com/d/e/CLEXE64/9.7.825.0/CL564.exe" type="Binary" key="CLEXE64" name="CL564.exe" optional="true" packageRef="CLCAB64" size="919824" version="9.7.825.0"><digests><digest algorithm="http://www.w3.org/2001/04/xmlenc#sha256" value="pirnhu+XDu1UL4LoD1XQ9JjixiD8PmSrlcjTXMvnPDM=" /></digests></file><file dateTime="2026-01-06T16:22:50Z" description="Deployment Library Command Line Interface ARM 64-bit" downloadUri="https://download.ivanticloud.com/d/e/CLEXEARM64/9.7.825.0/CL5Arm64.exe" type="Binary" key="CLEXEARM64" name="CL5Arm64.exe" optional="true" packageRef="CLCABARM64" size="998296" version="9.7.825.0"><digests><digest algorithm="http://www.w3.org/2001/04/xmlenc#sha256" value="RyhlIF1F9yMze4xeW3YzRQIIZk+QPGJi2L9HtHqKoZk=" /></digests></file><file dateTime="2026-01-06T16:22:35Z" description="Deployment Library Command Line Interface" downloadUri="https://download.ivanticloud.com/d/e/CLEXE/9.7.825.0/CL5.exe" type="Binary" key="CLEXE" name="CL5.exe" optional="true" packageRef="CLCAB" size="833568" version="9.7.825.0"><digests><digest algorithm="http://www.w3.org/2001/04/xmlenc#sha256" value="iMln8bJ8b7xih93KqoGkuEzImRh3gCrJ8PuRKMzLum8=" /></digests></file><file dateTime="2025-08-21T09:32:36Z" description="Trusted Agent Engine (X64)" downloadUri="https://download.ivanticloud.com/d/e/TRUSTEDENGINE.WIN64/1.1.372.250821/TrustedAgentEngine64.msi" type="WindowsInstaller" key="TRUSTEDENGINE.WIN64" name="TrustedAgentEngine64.msi" optional="false" size="11264000" version="1.1.372.250821"><digests><digest algorithm="http://www.w3.org/2001/04/xmlenc#sha256" value="hFZjBRKZ/X/SaKjdl2qZTer1hL6GQiX92DnsAWa2KG0=" /></digests></file><file dateTime="2025-08-21T09:32:10Z" description="Trusted Agent Engine (X86)" downloadUri="https://download.ivanticloud.com/d/e/TRUSTEDENGINE.WIN32/1.1.372.250821/TrustedAgentEngine.msi" type="WindowsInstaller" key="TRUSTEDENGINE.WIN32" name="TrustedAgentEngine.msi" optional="false" size="11227136" version="1.1.372.250821"><digests><digest algorithm="http://www.w3.org/2001/04/xmlenc#sha256" value="srrP6nJJ1WadZTGKRV1mQi2BvUWlI1Fdv/PtguyyoN8=" /></digests></file><file dateTime="2025-12-18T21:16:56Z" description="Software Distribution Engine" downloadUri="https://download.ivanticloud.com/d/e/SWD.X64/1.0.725.20251218/SWDSetup-x64.msi" type="WindowsInstaller" key="SWD.X64" name="SWDSetup-x64.msi" optional="false" size="10235904" version="1.0.725.20251218"><digests><digest algorithm="http://www.w3.org/2001/04/xmlenc#sha256" value="tfnFkh9xApoeJBLTO4acyb5VwCLoO/JC7/AeMiJ+lkg=" /></digests></file><file dateTime="2025-12-18T21:17:16Z" description="Software Distribution Engine" downloadUri="https://download.ivanticloud.com/d/e/SWD.X86/1.0.725.20251218/SWDSetup-x86.msi" type="WindowsInstaller" key="SWD.X86" name="SWDSetup-x86.msi" optional="false" size="2039808" version="1.0.725.20251218"><digests><digest algorithm="http://www.w3.org/2001/04/xmlenc#sha256" value="rMs7ATyPnrHRGD5mkeR7OPQYtpDg/4tnKmGemL5e75I=" /></digests></file><file dateTime="2025-09-22T16:20:58Z" description="Portal Engine" downloadUri="https://download.ivanticloud.com/d/e/PORTAL.X64/1.0.256.20250922/Portal.Setup-x64.msi" type="WindowsInstaller" key="PORTAL.X64" name="Portal.Setup-x64.msi" optional="false" size="29949952" version="1.0.256.20250922"><digests><digest algorithm="http://www.w3.org/2001/04/xmlenc#sha256" value="I+oRga4rX1Q6ZtqACGJo369qaFFmg2GwE1L9GDPchog=" /></digests></file><file dateTime="2025-09-22T16:21:42Z" description="Portal Engine" downloadUri="https://download.ivanticloud.com/d/e/PORTAL.X86/1.0.256.20250922/Portal.Setup-x86.msi" type="WindowsInstaller" key="PORTAL.X86" name="Portal.Setup-x86.msi" optional="false" size="27467776" version="1.0.256.20250922"><digests><digest algorithm="http://www.w3.org/2001/04/xmlenc#sha256" value="MkIPLyvFDwOpMH4M+MbTx+iQ2fhlXuLf6sV87jZcM2o=" /></digests></file><file dateTime="2025-12-09T21:35:58Z" description="Customized Windows PE ZIP file for OSD" downloadUri="https://download.ivanticloud.com/d/e/OSD.WINPE/1.0.2025120901/Ivanti_WinPE.zip" type="VersionedContainer" key="OSD.WINPE" name="Ivanti_WinPE.zip" optional="true" size="543968677" version="1.0.2025120901"><digests><digest algorithm="http://www.w3.org/2001/04/xmlenc#sha256" value="QTbWicMNYeYvj6585XLx370AOo0NVgb62cNHA4NB8O4=" /></digests></file><file dateTime="2026-01-13T16:08:52Z" description="PowerManagement Engine" downloadUri="https://download.ivanticloud.com/d/e/UNO.POWERMANAGEMENT.WIN64/1.13.0.0/PowerManagementSetup-x64.msi" type="WindowsInstaller" key="UNO.POWERMANAGEMENT.WIN64" name="PowerManagementSetup-x64.msi" optional="false" size="2760704" version="1.13.0.0"><digests><digest algorithm="http://www.w3.org/2001/04/xmlenc#sha256" value="GvboWS55Czlv9NHLHAcxwOlrn4L/+7IRo2jlRw4kEMs=" /></digests></file><file dateTime="2026-01-13T16:09:26Z" description="PowerManagement Engine" downloadUri="https://download.ivanticloud.com/d/e/UNO.POWERMANAGEMENT.WIN32/1.13.0.0/PowerManagementSetup-x86.msi" type="WindowsInstaller" key="UNO.POWERMANAGEMENT.WIN32" name="PowerManagementSetup-x86.msi" optional="false" size="2535424" version="1.13.0.0"><digests><digest algorithm="http://www.w3.org/2001/04/xmlenc#sha256" value="9DRmpObgMD8Ry+zUyvx64ukHwD/4Mvt64MmOr7CVgUU=" /></digests></file><file dateTime="2025-12-02T19:43:22Z" description="Inventory Engine V3 (Native Engine)" downloadUri="https://download.ivanticloud.com/d/e/UNO.INVENTORY.ENGINE32.V2/3.1.163.20251202/InventoryEngineInstall-x86.msi" type="WindowsInstaller" key="UNO.INVENTORY.ENGINE32.V2" name="InventoryEngineInstall-x86.msi" optional="false" size="9392128" version="3.1.163.20251202"><digests><digest algorithm="http://www.w3.org/2001/04/xmlenc#sha256" value="+fvs3blgZtaj1PcN1fxPb9F+qfEOSlboVb55Ey4CbzY=" /></digests></file><file dateTime="2025-12-02T19:43:22Z" description="Inventory Engine V3 (Native Engine)" downloadUri="https://download.ivanticloud.com/d/e/UNO.INVENTORY.ENGINE64.V2/3.1.163.20251202/InventoryEngineInstall-x64.msi" type="WindowsInstaller" key="UNO.INVENTORY.ENGINE64.V2" name="InventoryEngineInstall-x64.msi" optional="false" size="9560064" version="3.1.163.20251202"><digests><digest algorithm="http://www.w3.org/2001/04/xmlenc#sha256" value="W/RmLnQzTIgTdqeKadlhRjG2W0gXSJfvxOWf7a+9oWI=" /></digests></file><file dateTime="2025-02-13T12:45:12Z" description="Neurons Authentication Proxy" downloadUri="https://download.ivanticloud.com/d/e/NeuronsAuthProxy/1.0.0/IvantiNeuronsAuthProxy.msi" type="WindowsInstaller" key="NeuronsAuthProxy" name="IvantiNeuronsAuthProxy.msi" optional="false" size="47321088" version="1.0.0"><digests><digest algorithm="http://www.w3.org/2001/04/xmlenc#sha256" value="MS+lzbeapnHWYf+4iJcbmiUqxGz1LM/RE2fa8i2DMMY=" /></digests></file><file dateTime="2026-01-22T13:06:44.0854354Z" description="SignedPackage" downloadUri="https://content.ivanti.com/data/2.0.4.8141/MacPatchData.zip" type="SignedPackage" key="MACPATCHDATA" name="MacPatchData.zip" optional="false" size="1601873" version="2.0.4.8141" /><file dateTime="2026-01-22T15:25:18.3837702Z" description="VersionedContainer" downloadUri="https://content.ivanti.com/data/2.0.4.8143/Server_2012(72)/WindowsPatchData.zip" type="VersionedContainer" key="WINDOWSPATCHDATA" name="WindowsPatchData.zip" optional="false" size="32888088" version="2.0.4.8143"><deltas clientRelativePath="WindowsPatchData_deltas"><delta downloadUri="https://content.ivanti.com/data/deltas/WindowsPatchData/Server_2012(72)/WindowsPatchData-delta_2.0.4.8127-2.0.4.8143.zip" fromVersion="2.0.4.8127" size="87873" toVersion="2.0.4.8143" /><delta downloadUri="https://content.ivanti.com/data/deltas/WindowsPatchData/Server_2012(72)/WindowsPatchData-delta_2.0.4.8103-2.0.4.8127.zip" fromVersion="2.0.4.8103" size="103540" toVersion="2.0.4.8127" /><delta downloadUri="https://content.ivanti.com/data/deltas/WindowsPatchData/Server_2012(72)/WindowsPatchData-delta_2.0.4.8081-2.0.4.8103.zip" fromVersion="2.0.4.8081" size="168258" toVersion="2.0.4.8103" /><delta downloadUri="https://content.ivanti.com/data/deltas/WindowsPatchData/Server_2012(72)/WindowsPatchData-delta_2.0.4.8063-2.0.4.8081.zip" fromVersion="2.0.4.8063" size="98681" toVersion="2.0.4.8081" /><delta downloadUri="https://content.ivanti.com/data/deltas/WindowsPatchData/Server_2012(72)/WindowsPatchData-delta_2.0.4.8059-2.0.4.8063.zip" fromVersion="2.0.4.8059" size="147754" toVersion="2.0.4.8063" /><delta downloadUri="https://content.ivanti.com/data/deltas/WindowsPatchData/Server_2012(72)/WindowsPatchData-delta_2.0.4.8034-2.0.4.8059.zip" fromVersion="2.0.4.8034" size="107492" toVersion="2.0.4.8059" /><delta downloadUri="https://content.ivanti.com/data/deltas/WindowsPatchData/Server_2012(72)/WindowsPatchData-delta_2.0.4.7998-2.0.4.8034.zip" fromVersion="2.0.4.7998" size="157702" toVersion="2.0.4.8034" /><delta downloadUri="https://content.ivanti.com/data/deltas/WindowsPatchData/Server_2012(72)/WindowsPatchData-delta_2.0.4.7996-2.0.4.7998.zip" fromVersion="2.0.4.7996" size="76834" toVersion="2.0.4.7998" /><delta downloadUri="https://content.ivanti.com/data/deltas/WindowsPatchData/Server_2012(72)/WindowsPatchData-delta_2.0.4.7979-2.0.4.7996.zip" fromVersion="2.0.4.7979" size="97893" toVersion="2.0.4.7996" /><delta downloadUri="https://content.ivanti.com/data/deltas/WindowsPatchData/Server_2012(72)/WindowsPatchData-delta_2.0.4.7954-2.0.4.7979.zip" fromVersion="2.0.4.7954" size="100646" toVersion="2.0.4.7979" /><delta downloadUri="https://content.ivanti.com/data/deltas/WindowsPatchData/Server_2012(72)/WindowsPatchData-delta_2.0.4.7935-2.0.4.7954.zip" fromVersion="2.0.4.7935" size="96029" toVersion="2.0.4.7954" /><delta downloadUri="https://content.ivanti.com/data/deltas/WindowsPatchData/Server_2012(72)/WindowsPatchData-delta_2.0.4.7923-2.0.4.7935.zip" fromVersion="2.0.4.7923" size="100430" toVersion="2.0.4.7935" /><delta downloadUri="https://content.ivanti.com/data/deltas/WindowsPatchData/Server_2012(72)/WindowsPatchData-delta_2.0.4.7909-2.0.4.7923.zip" fromVersion="2.0.4.7909" size="91762" toVersion="2.0.4.7923" /><delta downloadUri="https://content.ivanti.com/data/deltas/WindowsPatchData/Server_2012(72)/WindowsPatchData-delta_2.0.4.7892-2.0.4.7909.zip" fromVersion="2.0.4.7892" size="105034" toVersion="2.0.4.7909" /><delta downloadUri="https://content.ivanti.com/data/deltas/WindowsPatchData/Server_2012(72)/WindowsPatchData-delta_2.0.4.7876-2.0.4.7892.zip" fromVersion="2.0.4.7876" size="94097" toVersion="2.0.4.7892" /><delta downloadUri="https://content.ivanti.com/data/deltas/WindowsPatchData/Server_2012(72)/WindowsPatchData-delta_2.0.4.7843-2.0.4.7876.zip" fromVersion="2.0.4.7843" size="107655" toVersion="2.0.4.7876" /><delta downloadUri="https://content.ivanti.com/data/deltas/WindowsPatchData/Server_2012(72)/WindowsPatchData-delta_2.0.4.7832-2.0.4.7843.zip" fromVersion="2.0.4.7832" size="93250" toVersion="2.0.4.7843" /><delta downloadUri="https://content.ivanti.com/data/deltas/WindowsPatchData/Server_2012(72)/WindowsPatchData-delta_2.0.4.7821-2.0.4.7832.zip" fromVersion="2.0.4.7821" size="87422" toVersion="2.0.4.7832" /><delta downloadUri="https://content.ivanti.com/data/deltas/WindowsPatchData/Server_2012(72)/WindowsPatchData-delta_2.0.4.7808-2.0.4.7821.zip" fromVersion="2.0.4.7808" size="95313" toVersion="2.0.4.7821" /><delta downloadUri="https://content.ivanti.com/data/deltas/WindowsPatchData/Server_2012(72)/WindowsPatchData-delta_2.0.4.7792-2.0.4.7808.zip" fromVersion="2.0.4.7792" size="112792" toVersion="2.0.4.7808" /></deltas></file></files><packages><package dateTime="2026-01-23T08:06:58Z" description="Archive file utility 64-bit package" downloadUri="https://download.ivanticloud.com/d/e/7ZCAB64/25.1.0.0/7z64.cab" key="7ZCAB64" name="7z64.cab" type="Cab" size="1172624" /><package dateTime="2026-01-23T08:06:58Z" description="Archive file utility ARM 64-bit package" downloadUri="https://download.ivanticloud.com/d/e/7ZCABARM64/25.1.0.0/7zArm64.cab" key="7ZCABARM64" name="7zArm64.cab" type="Cab" size="1174789" /><package dateTime="2026-01-23T08:06:58Z" description="Archive file utility package" downloadUri="https://download.ivanticloud.com/d/e/7ZCAB/25.1.0.0/7z.cab" key="7ZCAB" name="7z.cab" type="Cab" size="1047434" /><package dateTime="2026-01-23T08:06:58Z" description="Deployment Library Command Line Interface 64-bit package" downloadUri="https://download.ivanticloud.com/d/e/CLCAB64/9.7.825.0/CL564.cab" key="CLCAB64" name="CL564.cab" type="Cab" size="446484" /><package dateTime="2026-01-23T08:06:58Z" description="Deployment Library Command Line Interface ARM 64-bit package" downloadUri="https://download.ivanticloud.com/d/e/CLCABARM64/9.7.825.0/CL5Arm64.cab" key="CLCABARM64" name="CL5Arm64.cab" type="Cab" size="432726" /><package dateTime="2026-01-23T08:06:58Z" description="Deployment Library Command Line Interface package" downloadUri="https://download.ivanticloud.com/d/e/CLCAB/9.7.825.0/CL5.cab" key="CLCAB" name="CL5.cab" type="Cab" size="404418" /></packages><windowsBundles><windowsBundle fileKey="UWM_PM_ENGINE.WIN64" id="UWM_PM_ENGINE.WIN64"><prerequisites><prerequisite id="CPP2017" /><prerequisite id="CPP2017x64" /></prerequisites></windowsBundle><windowsBundle fileKey="AGENTAC" id="AGENTAC"><prerequisites><prerequisite id="CPP2017" /><prerequisite id="KernelPlatform" /></prerequisites></windowsBundle><windowsBundle fileKey="TRUSTEDENGINE.WIN32" id="TRUSTEDENGINE.WIN32"><prerequisites><prerequisite id="NETCOREDESKTOPRUNTIME8x32" /></prerequisites></windowsBundle><windowsBundle fileKey="UNO.POWERMANAGEMENT.WIN32" id="UNO.POWERMANAGEMENT.WIN32"><prerequisites><prerequisite id="NETCORERUNTIME8x32" /></prerequisites></windowsBundle><windowsBundle fileKey="AGENTPATCH64" id="AGENTPATCH64"><prerequisites><prerequisite id="CPP2017x64" /></prerequisites></windowsBundle><windowsBundle fileKey="UNO.WILDPULSE.ENGINE64" id="UNO.WILDPULSE.ENGINE64"><prerequisites><prerequisite id="DOTNET48_EN" /></prerequisites></windowsBundle><windowsBundle fileKey="SYNCENGINEX64" id="SYNCENGINEX64"><prerequisites><prerequisite id="NETCORERUNTIME8x64" /></prerequisites></windowsBundle><windowsBundle fileKey="SYNCENGINEARM64" id="SYNCENGINEARM64"><prerequisites><prerequisite id="NETCORERUNTIME8Arm64" /></prerequisites></windowsBundle><windowsBundle fileKey="UNO.DISCOVERY.AGENTLESS.ENGINE64" id="UNO.DISCOVERY.AGENTLESS.ENGINE64"><prerequisites><prerequisite id="CPP2017" /><prerequisite id="CPP2017x64" /></prerequisites></windowsBundle><windowsBundle fileKey="AGENTUIWIN64" id="AGENTUIWIN64"><prerequisites><prerequisite id="CPP2017x64" /><prerequisite id="NETCOREDESKTOPRUNTIME8x64" /><prerequisite id="NETCORERUNTIME8x64" /></prerequisites></windowsBundle><windowsBundle fileKey="UWM_AC_ENGINE.WIN64" id="UWM_AC_ENGINE.WIN64"><prerequisites><prerequisite id="CPP2017" /><prerequisite id="CPP2017x64" /></prerequisites></windowsBundle><windowsBundle fileKey="DEPLOYMENTWIN64" id="DEPLOYMENTWIN64"><prerequisites><prerequisite id="NETCOREDESKTOPRUNTIME8x64" /></prerequisites></windowsBundle><windowsBundle fileKey="UNO.DISCOVERY.ENGINE64" id="UNO.DISCOVERY.ENGINE64"><prerequisites><prerequisite id="CPP2017" /><prerequisite id="CPP2017x64" /><prerequisite id="UNO.CSEP.ENGINE64.PREREQ" /></prerequisites></windowsBundle><windowsBundle fileKey="UNO.WILDPULSE.ENGINE" id="UNO.WILDPULSE.ENGINE"><prerequisites><prerequisite id="DOTNET48_EN" /></prerequisites></windowsBundle><windowsBundle fileKey="AGENTUIWIN" id="AGENTUIWIN"><prerequisites><prerequisite id="CPP2017" /><prerequisite id="NETCOREDESKTOPRUNTIME8x32" /><prerequisite id="NETCORERUNTIME8x32" /></prerequisites></windowsBundle><windowsBundle fileKey="AGENTUIWINARM64" id="AGENTUIWINARM64"><prerequisites><prerequisite id="CPP2017Arm64" /><prerequisite id="NETCOREDESKTOPRUNTIME8Arm64" /><prerequisite id="NETCORERUNTIME8Arm64" /></prerequisites></windowsBundle><windowsBundle fileKey="UNO.INVENTORY.ENGINE64.V2" id="UNO.INVENTORY.ENGINE64.V2"><prerequisites><prerequisite id="CPP2017x64" /></prerequisites></windowsBundle><windowsBundle fileKey="UNO.DISCOVERY.AGENTLESS.ENGINE" id="UNO.DISCOVERY.AGENTLESS.ENGINE"><prerequisites><prerequisite id="CPP2017" /></prerequisites></windowsBundle><windowsBundle fileKey="AVALANCHEENGINE64" id="AVALANCHEENGINE64"><prerequisites><prerequisite id="NETCOREDESKTOP5x64" /></prerequisites></windowsBundle><windowsBundle fileKey="PORTAL.X64" id="PORTAL.X64"><prerequisites><prerequisite id="NETCORERUNTIME8x64" /></prerequisites></windowsBundle><windowsBundle fileKey="UNO.POWERMANAGEMENT.WIN64" id="UNO.POWERMANAGEMENT.WIN64"><prerequisites><prerequisite id="NETCORERUNTIME8x64" /></prerequisites></windowsBundle><windowsBundle fileKey="UNO.CSEP.ENGINE64" id="UNO.CSEP.ENGINE64"><prerequisites><prerequisite id="CPP2017" /><prerequisite id="CPP2017x64" /></prerequisites></windowsBundle><windowsBundle fileKey="UNO.DISCOVERY.ENGINE" id="UNO.DISCOVERY.ENGINE"><prerequisites><prerequisite id="CPP2017" /><prerequisite id="UNO.CSEP.ENGINE.PREREQ" /></prerequisites></windowsBundle><windowsBundle fileKey="PORTAL.X86" id="PORTAL.X86"><prerequisites><prerequisite id="NETCORERUNTIME8x32" /></prerequisites></windowsBundle><windowsBundle fileKey="TRUSTEDENGINE.WIN64" id="TRUSTEDENGINE.WIN64"><prerequisites><prerequisite id="NETCOREDESKTOPRUNTIME8x64" /></prerequisites></windowsBundle><windowsBundle fileKey="AGENTPATCHARM64" id="AGENTPATCHARM64"><prerequisites><prerequisite id="CPP2017Arm64" /></prerequisites></windowsBundle><windowsBundle fileKey="UWM_AC_ENGINE_NEURONS.WIN64" id="UWM_AC_ENGINE_NEURONS.WIN64"><prerequisites><prerequisite id="CPP2017" /><prerequisite id="CPP2017x64" /></prerequisites></windowsBundle><windowsBundle fileKey="AGENTPATCH" id="AGENTPATCH"><prerequisites><prerequisite id="CPP2017" /></prerequisites></windowsBundle><windowsBundle fileKey="AGENTAC64" id="AGENTAC64"><prerequisites><prerequisite id="CPP2017" /><prerequisite id="CPP2017x64" /><prerequisite id="KernelPlatform64" /></prerequisites></windowsBundle><windowsBundle fileKey="UNO.COLLECTOR.ENGINE32.V2" id="UNO.COLLECTOR.ENGINE32.V2"><prerequisites><prerequisite id="NETCOREDESKTOPRUNTIME8x32" /></prerequisites></windowsBundle><windowsBundle fileKey="UWM_EM_ENGINE.WIN64" id="UWM_EM_ENGINE.WIN64"><prerequisites><prerequisite id="CPP2017" /><prerequisite id="CPP2017x64" /></prerequisites></windowsBundle><windowsBundle fileKey="UNO.CSEP.ENGINE" id="UNO.CSEP.ENGINE"><prerequisites><prerequisite id="CPP2017" /></prerequisites></windowsBundle><windowsBundle fileKey="UNO.COLLECTOR.ENGINE64.V2" id="UNO.COLLECTOR.ENGINE64.V2"><prerequisites><prerequisite id="NETCOREDESKTOPRUNTIME8x64" /></prerequisites></windowsBundle><windowsBundle fileKey="SWD.X64" id="SWD.X64"><prerequisites><prerequisite id="NETCORERUNTIME8x64" /></prerequisites></windowsBundle><windowsBundle fileKey="UNO.INVENTORY.ENGINE32.V2" id="UNO.INVENTORY.ENGINE32.V2"><prerequisites><prerequisite id="CPP2017" /></prerequisites></windowsBundle><windowsBundle fileKey="SWD.X86" id="SWD.X86"><prerequisites><prerequisite id="NETCORERUNTIME8x32" /></prerequisites></windowsBundle><windowsBundle fileKey="DEPLOYMENTWIN32" id="DEPLOYMENTWIN32"><prerequisites><prerequisite id="NETCOREDESKTOPRUNTIME8x32" /></prerequisites></windowsBundle></windowsBundles><windowsPrerequisites><windowsPrerequisite installFallbackLocale="en" type="WindowsInstaller" id="UNO.CSEP.ENGINE64.PREREQ" name="Ivanti Csep Prerequisite (64-bit)" removable="true" version="1.0.376.0"><detection detectionType="Registry" name="Version" path="SOFTWARE\Ivanti\IvantiCsepPrereq" value="1.0.376.0" /><downloadLocations><downloadLocation url="https://download.ivanticloud.com/d/e/UNO.CSEP.ENGINE64.PREREQ/1.0.376.0/CsepPrereqInstaller-x64.msi"><osRequirement><locales><locale name="en" /></locales></osRequirement></downloadLocation></downloadLocations><installations><installation command="msiexec /i &quot;{FILENAME}&quot; /qn" uninstall="msiexec /x &quot;{FILENAME}&quot; /qn" /></installations></windowsPrerequisite><windowsPrerequisite installFallbackLocale="en" type="Binary" id="DOTNET48_EN" name="Microsoft .NET Framework 4.8 (en)" removable="false" version="4.8.3752"><detection detectionType="Registry" name="Release" path="SOFTWARE\Microsoft\NET Framework Setup\NDP\v4\Full" value="528040" /><downloadLocations><downloadLocation url="https://download.visualstudio.microsoft.com/download/pr/7afca223-55d2-470a-8edc-6a1739ae3252/abd170b4b0ec15ad0222a809b761a036/ndp48-x86-x64-allos-enu.exe"><osRequirement><locales><locale name="en" /></locales></osRequirement></downloadLocation></downloadLocations><installations><installation command="&quot;{FILENAME}&quot; /q /norestart" /></installations></windowsPrerequisite><windowsPrerequisite installFallbackLocale="en" type="Binary" id="NETCOREDESKTOPRUNTIME8x32" name="Microsoft .NET Desktop Runtime 8 (x86)" removable="false" version="8.0.21"><detection detectionType="File" name="WindowsBase.dll" path="%programfiles%\dotnet\shared\Microsoft.WindowsDesktop.App\8.0.21" value="8.0.2125.47504" /><downloadLocations><downloadLocation url="https://builds.dotnet.microsoft.com/dotnet/WindowsDesktop/8.0.21/windowsdesktop-runtime-8.0.21-win-x86.exe"><osRequirement><locales><locale name="en" /></locales></osRequirement></downloadLocation></downloadLocations><installations><installation command="&quot;{FILENAME}&quot; /quiet /norestart" /></installations></windowsPrerequisite><windowsPrerequisite installFallbackLocale="en" type="Binary" id="DOTNET48_IT" name="Microsoft .NET Framework 4.8 (it)" removable="false" version="4.8.3752"><detection detectionType="Registry" name="Release" path="SOFTWARE\Microsoft\NET Framework Setup\NDP\v4\Full" value="528040" /><downloadLocations><downloadLocation url="https://download.visualstudio.microsoft.com/download/pr/7afca223-55d2-470a-8edc-6a1739ae3252/623a9d227bd9a153fa4dc579fdde0c91/ndp48-x86-x64-allos-ita.exe"><osRequirement><locales><locale name="it" /></locales></osRequirement></downloadLocation></downloadLocations><installations><installation command="&quot;{FILENAME}&quot; /q /norestart" /></installations></windowsPrerequisite><windowsPrerequisite installFallbackLocale="en" type="Binary" id="DOTNET48_JA" name="Microsoft .NET Framework 4.8 (ja)" removable="false" version="4.8.3752"><detection detectionType="Registry" name="Release" path="SOFTWARE\Microsoft\NET Framework Setup\NDP\v4\Full" value="528040" /><downloadLocations><downloadLocation url="https://download.visualstudio.microsoft.com/download/pr/7afca223-55d2-470a-8edc-6a1739ae3252/7629a0c2eb175ef8fa014016cdadfa93/ndp48-x86-x64-allos-jpn.exe"><osRequirement><locales><locale name="ja" /></locales></osRequirement></downloadLocation></downloadLocations><installations><installation command="&quot;{FILENAME}&quot; /q /norestart" /></installations></windowsPrerequisite><windowsPrerequisite installFallbackLocale="en" type="Binary" id="DOTNET48_ES" name="Microsoft .NET Framework 4.8 (es)" removable="false" version="4.8.3752"><detection detectionType="Registry" name="Release" path="SOFTWARE\Microsoft\NET Framework Setup\NDP\v4\Full" value="528040" /><downloadLocations><downloadLocation url="https://download.visualstudio.microsoft.com/download/pr/7afca223-55d2-470a-8edc-6a1739ae3252/fcd16fc8c8c9da914cfee0e50a6fc468/ndp48-x86-x64-allos-esn.exe"><osRequirement><locales><locale name="es" /></locales></osRequirement></downloadLocation></downloadLocations><installations><installation command="&quot;{FILENAME}&quot; /q /norestart" /></installations></windowsPrerequisite><windowsPrerequisite installFallbackLocale="en" type="Binary" id="DOTNET48_PT" name="Microsoft .NET Framework 4.8 (pt)" removable="false" version="4.8.3752"><detection detectionType="Registry" name="Release" path="SOFTWARE\Microsoft\NET Framework Setup\NDP\v4\Full" value="528040" /><downloadLocations><downloadLocation url="https://download.visualstudio.microsoft.com/download/pr/7afca223-55d2-470a-8edc-6a1739ae3252/1eca58815ccde3af6663329a2dd92643/ndp48-x86-x64-allos-ptb.exe"><osRequirement><locales><locale name="pt" /></locales></osRequirement></downloadLocation></downloadLocations><installations><installation command="&quot;{FILENAME}&quot; /q /norestart" /></installations></windowsPrerequisite><windowsPrerequisite installFallbackLocale="en" type="Binary" id="DOTNET48_FR" name="Microsoft .NET Framework 4.8 (fr)" removable="false" version="4.8.3752"><detection detectionType="Registry" name="Release" path="SOFTWARE\Microsoft\NET Framework Setup\NDP\v4\Full" value="528040" /><downloadLocations><downloadLocation url="https://download.visualstudio.microsoft.com/download/pr/7afca223-55d2-470a-8edc-6a1739ae3252/4806c4e6dc10643278ac0b8a7d7d6b28/ndp48-x86-x64-allos-fra.exe"><osRequirement><locales><locale name="fr" /></locales></osRequirement></downloadLocation></downloadLocations><installations><installation command="&quot;{FILENAME}&quot; /q /norestart" /></installations></windowsPrerequisite><windowsPrerequisite installFallbackLocale="en" type="Binary" id="CPP2017x64" name="Microsoft Visual C++ 2015-2022 (x64)" removable="false" version="14.44.35208.0"><detection detectionType="Registry" name="Version" path="SOFTWARE\Microsoft\VisualStudio\14.0\VC\Runtimes\x64" value="v14.44.35208.00" /><downloadLocations><downloadLocation url="https://download.visualstudio.microsoft.com/download/pr/40b59c73-1480-4caf-ab5b-4886f176bf71/D62841375B90782B1829483AC75695CCEF680A8F13E7DE569B992EF33C6CD14A/VC_redist.x64.exe"><osRequirement><locales><locale name="en" /></locales></osRequirement></downloadLocation></downloadLocations><installations><installation command="&quot;{FILENAME}&quot; /quiet /norestart" /></installations></windowsPrerequisite><windowsPrerequisite installFallbackLocale="en" type="Binary" id="NETCORERUNTIME8x32" name="Microsoft .NET Runtime 8 (x86)" removable="false" version="8.0.21"><detection detectionType="File" name="WindowsBase.dll" path="%programfiles%\dotnet\shared\Microsoft.NETCore.App\8.0.21" value="8.0.2125.47513" /><downloadLocations><downloadLocation url="https://builds.dotnet.microsoft.com/dotnet/Runtime/8.0.21/dotnet-runtime-8.0.21-win-x86.exe"><osRequirement><locales><locale name="en" /></locales></osRequirement></downloadLocation></downloadLocations><installations><installation command="&quot;{FILENAME}&quot; /quiet /norestart" /></installations></windowsPrerequisite><windowsPrerequisite installFallbackLocale="en" type="Binary" id="NETCOREDESKTOP5x32" name="Microsoft .NET Core Desktop Runtime 5.0.17 x32" removable="false" version="5.0.17"><detection detectionType="File" name="WindowsBase.dll" path="%programfiles%\dotnet\shared\Microsoft.WindowsDesktop.App\5.0.17" value="5.0.1722.21802" /><downloadLocations><downloadLocation url="https://download.visualstudio.microsoft.com/download/pr/b6fe5f2a-95f4-46f1-9824-f5994f10bc69/db5ec9b47ec877b5276f83a185fdb6a0/windowsdesktop-runtime-5.0.17-win-x86.exe"><osRequirement><locales><locale name="en" /></locales></osRequirement></downloadLocation></downloadLocations><installations><installation command="&quot;{FILENAME}&quot; /quiet /norestart" /></installations></windowsPrerequisite><windowsPrerequisite installFallbackLocale="en" type="Binary" id="NETCORERUNTIME8x64" name="Microsoft .NET Runtime 8 (x64)" removable="false" version="8.0.21"><detection detectionType="File" name="WindowsBase.dll" path="%programfiles%\dotnet\shared\Microsoft.NETCore.App\8.0.21" value="8.0.2125.47513" /><downloadLocations><downloadLocation url="https://builds.dotnet.microsoft.com/dotnet/Runtime/8.0.21/dotnet-runtime-8.0.21-win-x64.exe"><osRequirement><locales><locale name="en" /></locales></osRequirement></downloadLocation></downloadLocations><installations><installation command="&quot;{FILENAME}&quot; /quiet /norestart" /></installations></windowsPrerequisite><windowsPrerequisite installFallbackLocale="en" type="WindowsInstaller" id="UNO.CSEP.ENGINE.PREREQ" name="Ivanti Csep Prerequisite (32-bit)" removable="true" version="1.0.376.0"><detection detectionType="Registry" name="Version" path="SOFTWARE\Ivanti\IvantiCsepPrereq" value="1.0.376.0" /><downloadLocations><downloadLocation url="https://download.ivanticloud.com/d/e/UNO.CSEP.ENGINE.PREREQ/1.0.376.0/CsepPrereqInstaller-x86.msi"><osRequirement><locales><locale name="en" /></locales></osRequirement></downloadLocation></downloadLocations><installations><installation command="msiexec /i &quot;{FILENAME}&quot; /qn" uninstall="msiexec /x &quot;{FILENAME}&quot; /qn" /></installations></windowsPrerequisite><windowsPrerequisite installFallbackLocale="en" type="Binary" id="DOTNET48_RU" name="Microsoft .NET Framework 4.8 (ru)" removable="false" version="4.8.3752"><detection detectionType="Registry" name="Release" path="SOFTWARE\Microsoft\NET Framework Setup\NDP\v4\Full" value="528040" /><downloadLocations><downloadLocation url="https://download.visualstudio.microsoft.com/download/pr/7afca223-55d2-470a-8edc-6a1739ae3252/d117d224faa480ffdf7623c72edfa317/ndp48-x86-x64-allos-rus.exe"><osRequirement><locales><locale name="ru" /></locales></osRequirement></downloadLocation></downloadLocations><installations><installation command="&quot;{FILENAME}&quot; /q /norestart" /></installations></windowsPrerequisite><windowsPrerequisite installFallbackLocale="en" type="Binary" id="CPP2017" name="Microsoft Visual C++ 2015-2022 (x86)" removable="false" version="14.44.35208.0"><detection context="Registry32" detectionType="Registry" name="Version" path="SOFTWARE\Microsoft\VisualStudio\14.0\VC\Runtimes\x86" value="v14.44.35208.00" /><downloadLocations><downloadLocation url="https://download.visualstudio.microsoft.com/download/pr/40b59c73-1480-4caf-ab5b-4886f176bf71/435A0DE411B991E2BFC7FD1D5439639E7B32206960D3099370E36172018F52FE/VC_redist.x86.exe"><osRequirement><locales><locale name="en" /></locales></osRequirement></downloadLocation></downloadLocations><installations><installation command="&quot;{FILENAME}&quot; /quiet /norestart" /></installations></windowsPrerequisite><windowsPrerequisite installFallbackLocale="en" type="Binary" id="NETCORE5x32" name="Microsoft .NET Core Runtime 5.0.17 x32" removable="false" version="5.0.17"><detection detectionType="File" name="WindowsBase.dll" path="%programfiles%\dotnet\shared\Microsoft.NETCore.App\5.0.17" value="5.0.1722.21314" /><downloadLocations><downloadLocation url="https://download.visualstudio.microsoft.com/download/pr/54683c13-6b04-4d7d-b4d4-1f055b50ea43/e99048e2840d57040e8312058853a5b9/dotnet-runtime-5.0.17-win-x86.exe"><osRequirement><locales><locale name="en" /></locales></osRequirement></downloadLocation></downloadLocations><installations><installation command="&quot;{FILENAME}&quot; /quiet /norestart" /></installations></windowsPrerequisite><windowsPrerequisite installFallbackLocale="en" type="Binary" id="DOTNET48_DE" name="Microsoft .NET Framework 4.8 (de)" removable="false" version="4.8.3752"><detection detectionType="Registry" name="Release" path="SOFTWARE\Microsoft\NET Framework Setup\NDP\v4\Full" value="528040" /><downloadLocations><downloadLocation url="https://download.visualstudio.microsoft.com/download/pr/7afca223-55d2-470a-8edc-6a1739ae3252/65592cace88fcfb3e14a5c4a54833794/ndp48-x86-x64-allos-deu.exe"><osRequirement><locales><locale name="de" /></locales></osRequirement></downloadLocation></downloadLocations><installations><installation command="&quot;{FILENAME}&quot; /q /norestart" /></installations></windowsPrerequisite><windowsPrerequisite installFallbackLocale="en" type="Binary" id="CPP2017Arm64" name="Microsoft Visual C++ 2022 (Arm64)" removable="false" version="14.44.35208.0"><detection detectionType="Registry" name="Version" path="SOFTWARE\Microsoft\VisualStudio\14.0\VC\Runtimes\arm64" value="v14.44.35208.00" /><downloadLocations><downloadLocation url="https://download.visualstudio.microsoft.com/download/pr/40b59c73-1480-4caf-ab5b-4886f176bf71/1DB5C25643A3A4E4C99BFD0D0931A702A49C73DADC4B30672687F32188C1724C/VC_redist.arm64.exe"><osRequirement><locales><locale name="en" /></locales></osRequirement></downloadLocation></downloadLocations><installations><installation command="&quot;{FILENAME}&quot; /quiet /norestart" /></installations></windowsPrerequisite><windowsPrerequisite installFallbackLocale="en" type="Binary" id="NETCORE5x64" name="Microsoft .NET Core Runtime 5.0.17 x64" removable="false" version="5.0.17"><detection detectionType="File" name="WindowsBase.dll" path="%programfiles%\dotnet\shared\Microsoft.NETCore.App\5.0.17" value="5.0.1722.21314" /><downloadLocations><downloadLocation url="https://download.visualstudio.microsoft.com/download/pr/a0832b5a-6900-442b-af79-6ffddddd6ba4/e2df0b25dd851ee0b38a86947dd0e42e/dotnet-runtime-5.0.17-win-x64.exe"><osRequirement><locales><locale name="en" /></locales></osRequirement></downloadLocation></downloadLocations><installations><installation command="&quot;{FILENAME}&quot; /quiet /norestart" /></installations></windowsPrerequisite><windowsPrerequisite installFallbackLocale="en" type="Binary" id="NETCOREDESKTOPRUNTIME8x64" name="Microsoft .NET Desktop Runtime 8 (x64)" removable="false" version="8.0.21"><detection detectionType="File" name="WindowsBase.dll" path="%programfiles%\dotnet\shared\Microsoft.WindowsDesktop.App\8.0.21" value="8.0.2125.47504" /><downloadLocations><downloadLocation url="https://builds.dotnet.microsoft.com/dotnet/WindowsDesktop/8.0.21/windowsdesktop-runtime-8.0.21-win-x64.exe"><osRequirement><locales><locale name="en" /></locales></osRequirement></downloadLocation></downloadLocations><installations><installation command="&quot;{FILENAME}&quot; /quiet /norestart" /></installations></windowsPrerequisite><windowsPrerequisite installFallbackLocale="en" type="Binary" id="DOTNET48_ZHANT" name="Microsoft .NET Framework 4.8 (zh-Hant)" removable="false" version="4.8.3752"><detection detectionType="Registry" name="Release" path="SOFTWARE\Microsoft\NET Framework Setup\NDP\v4\Full" value="528040" /><downloadLocations><downloadLocation url="https://download.visualstudio.microsoft.com/download/pr/7afca223-55d2-470a-8edc-6a1739ae3252/7676d67ad615dcfd9a649eaed5645a05/ndp48-x86-x64-allos-cht.exe"><osRequirement><locales><locale name="zh-Hant" /></locales></osRequirement></downloadLocation></downloadLocations><installations><installation command="&quot;{FILENAME}&quot; /q /norestart" /></installations></windowsPrerequisite><windowsPrerequisite installFallbackLocale="en" type="Binary" id="NETCOREDESKTOP5x64" name="Microsoft .NET Core Desktop Runtime 5.0.17 x64" removable="false" version="5.0.17"><detection detectionType="File" name="WindowsBase.dll" path="%programfiles%\dotnet\shared\Microsoft.WindowsDesktop.App\5.0.17" value="5.0.1722.21802" /><downloadLocations><downloadLocation url="https://download.visualstudio.microsoft.com/download/pr/3aa4e942-42cd-4bf5-afe7-fc23bd9c69c5/64da54c8864e473c19a7d3de15790418/windowsdesktop-runtime-5.0.17-win-x64.exe"><osRequirement><locales><locale name="en" /></locales></osRequirement></downloadLocation></downloadLocations><installations><installation command="&quot;{FILENAME}&quot; /quiet /norestart" /></installations></windowsPrerequisite><windowsPrerequisite installFallbackLocale="en" type="Binary" id="DOTNET48_ZHANS" name="Microsoft .NET Framework 4.8 (zh-Hans)" removable="false" version="4.8.3752"><detection detectionType="Registry" name="Release" path="SOFTWARE\Microsoft\NET Framework Setup\NDP\v4\Full" value="528040" /><downloadLocations><downloadLocation url="https://download.visualstudio.microsoft.com/download/pr/7afca223-55d2-470a-8edc-6a1739ae3252/00751a26db33223ca3f9a8b20a7be95c/ndp48-x86-x64-allos-chs.exe"><osRequirement><locales><locale name="zh-Hans" /></locales></osRequirement></downloadLocation></downloadLocations><installations><installation command="&quot;{FILENAME}&quot; /q /norestart" /></installations></windowsPrerequisite></windowsPrerequisites><windowsPrerequisites2><windowsPrerequisite installFallbackLocale="en" type="Binary" id="NETCOREDESKTOP5x64" name="Microsoft .NET Core Desktop Runtime 5.0.17 x64" removable="false" version="5.0.17"><detection detectionType="VersionedFolder" name="detection" path="%ProgramFiles%\dotnet\shared\Microsoft.WindowsDesktop.App" value="5.0.17-5.65535.65535" /><downloadLocations><downloadLocation url="https://download.visualstudio.microsoft.com/download/pr/3aa4e942-42cd-4bf5-afe7-fc23bd9c69c5/64da54c8864e473c19a7d3de15790418/windowsdesktop-runtime-5.0.17-win-x64.exe"><osRequirement><locales><locale name="en" /></locales></osRequirement></downloadLocation></downloadLocations><installations><installation command="&quot;{FILENAME}&quot; /quiet /norestart" /></installations></windowsPrerequisite><windowsPrerequisite installFallbackLocale="en" type="Binary" id="NETCORERUNTIME8x64" name="Microsoft .NET Runtime 8 (x64)" removable="false" version="8.0.21"><detection detectionType="VersionedFolder" name="detection" path="%ProgramFiles%\dotnet\shared\Microsoft.NETCore.App" value="8.0.12-8.65535.65535" /><downloadLocations><downloadLocation url="https://builds.dotnet.microsoft.com/dotnet/Runtime/8.0.21/dotnet-runtime-8.0.21-win-x64.exe"><osRequirement><locales><locale name="en" /></locales></osRequirement></downloadLocation></downloadLocations><installations><installation command="&quot;{FILENAME}&quot; /quiet /norestart" /></installations></windowsPrerequisite><windowsPrerequisite installFallbackLocale="en" type="Binary" id="NETCORERUNTIME8Arm64" name="Microsoft .NET Runtime 8 (Arm64)" removable="false" version="8.0.21"><detection detectionType="VersionedFolder" name="detection" path="%ProgramFiles%\dotnet\shared\Microsoft.NETCore.App" value="8.0.12-8.65535.65535" /><downloadLocations><downloadLocation url="https://builds.dotnet.microsoft.com/dotnet/Runtime/8.0.21/dotnet-runtime-8.0.21-win-arm64.exe"><osRequirement><locales><locale name="en" /></locales></osRequirement></downloadLocation></downloadLocations><installations><installation command="&quot;{FILENAME}&quot; /quiet /norestart" /></installations></windowsPrerequisite><windowsPrerequisite installFallbackLocale="en" type="Binary" id="NETCOREDESKTOPRUNTIME8x32" name="Microsoft .NET Desktop Runtime 8 (x86)" removable="false" version="8.0.21"><detection detectionType="VersionedFolder" name="detection" path="%ProgramFiles%\dotnet\shared\Microsoft.WindowsDesktop.App" value="8.0.12-8.65535.65535" /><downloadLocations><downloadLocation url="https://builds.dotnet.microsoft.com/dotnet/WindowsDesktop/8.0.21/windowsdesktop-runtime-8.0.21-win-x86.exe"><osRequirement><locales><locale name="en" /></locales></osRequirement></downloadLocation></downloadLocations><installations><installation command="&quot;{FILENAME}&quot; /quiet /norestart" /></installations></windowsPrerequisite><windowsPrerequisite installFallbackLocale="en" type="Binary" id="NETCORE5x32" name="Microsoft .NET Core Runtime 5.0.17 x32" removable="false" version="5.0.17"><detection detectionType="VersionedFolder" name="detection" path="%ProgramFiles%\dotnet\shared\Microsoft.NETCore.App" value="5.0.17-5.65535.65535" /><downloadLocations><downloadLocation url="https://download.visualstudio.microsoft.com/download/pr/54683c13-6b04-4d7d-b4d4-1f055b50ea43/e99048e2840d57040e8312058853a5b9/dotnet-runtime-5.0.17-win-x86.exe"><osRequirement><locales><locale name="en" /></locales></osRequirement></downloadLocation></downloadLocations><installations><installation command="&quot;{FILENAME}&quot; /quiet /norestart" /></installations></windowsPrerequisite><windowsPrerequisite installFallbackLocale="en" type="Binary" id="NETCOREDESKTOPRUNTIME8x64" name="Microsoft .NET Desktop Runtime 8 (x64)" removable="false" version="8.0.21"><detection detectionType="VersionedFolder" name="detection" path="%ProgramFiles%\dotnet\shared\Microsoft.WindowsDesktop.App" value="8.0.12-8.65535.65535" /><downloadLocations><downloadLocation url="https://builds.dotnet.microsoft.com/dotnet/WindowsDesktop/8.0.21/windowsdesktop-runtime-8.0.21-win-x64.exe"><osRequirement><locales><locale name="en" /></locales></osRequirement></downloadLocation></downloadLocations><installations><installation command="&quot;{FILENAME}&quot; /quiet /norestart" /></installations></windowsPrerequisite><windowsPrerequisite installFallbackLocale="en" type="Binary" id="NETCOREDESKTOPRUNTIME8Arm64" name="Microsoft .NET Desktop Runtime 8 (Arm64)" removable="false" version="8.0.21"><detection detectionType="VersionedFolder" name="detection" path="%ProgramFiles%\dotnet\shared\Microsoft.WindowsDesktop.App" value="8.0.12-8.65535.65535" /><downloadLocations><downloadLocation url="https://builds.dotnet.microsoft.com/dotnet/WindowsDesktop/8.0.21/windowsdesktop-runtime-8.0.21-win-arm64.exe"><osRequirement><locales><locale name="en" /></locales></osRequirement></downloadLocation></downloadLocations><installations><installation command="&quot;{FILENAME}&quot; /quiet /norestart" /></installations></windowsPrerequisite><windowsPrerequisite installFallbackLocale="en" type="Binary" id="NETCOREDESKTOP5x32" name="Microsoft .NET Core Desktop Runtime 5.0.17 x32" removable="false" version="5.0.17"><detection detectionType="VersionedFolder" name="detection" path="%ProgramFiles%\dotnet\shared\Microsoft.WindowsDesktop.App" value="5.0.17-5.65535.65535" /><downloadLocations><downloadLocation url="https://download.visualstudio.microsoft.com/download/pr/b6fe5f2a-95f4-46f1-9824-f5994f10bc69/db5ec9b47ec877b5276f83a185fdb6a0/windowsdesktop-runtime-5.0.17-win-x86.exe"><osRequirement><locales><locale name="en" /></locales></osRequirement></downloadLocation></downloadLocations><installations><installation command="&quot;{FILENAME}&quot; /quiet /norestart" /></installations></windowsPrerequisite><windowsPrerequisite installFallbackLocale="en" type="Binary" id="NETCORE5x64" name="Microsoft .NET Core Runtime 5.0.17 x64" removable="false" version="5.0.17"><detection detectionType="VersionedFolder" name="detection" path="%ProgramFiles%\dotnet\shared\Microsoft.NETCore.App" value="5.0.17-5.65535.65535" /><downloadLocations><downloadLocation url="https://download.visualstudio.microsoft.com/download/pr/a0832b5a-6900-442b-af79-6ffddddd6ba4/e2df0b25dd851ee0b38a86947dd0e42e/dotnet-runtime-5.0.17-win-x64.exe"><osRequirement><locales><locale name="en" /></locales></osRequirement></downloadLocation></downloadLocations><installations><installation command="&quot;{FILENAME}&quot; /quiet /norestart" /></installations></windowsPrerequisite><windowsPrerequisite installFallbackLocale="en" type="Binary" id="NETCORERUNTIME8x32" name="Microsoft .NET Runtime 8 (x86)" removable="false" version="8.0.21"><detection detectionType="VersionedFolder" name="detection" path="%ProgramFiles%\dotnet\shared\Microsoft.NETCore.App" value="8.0.12-8.65535.65535" /><downloadLocations><downloadLocation url="https://builds.dotnet.microsoft.com/dotnet/Runtime/8.0.21/dotnet-runtime-8.0.21-win-x86.exe"><osRequirement><locales><locale name="en" /></locales></osRequirement></downloadLocation></downloadLocations><installations><installation command="&quot;{FILENAME}&quot; /quiet /norestart" /></installations></windowsPrerequisite></windowsPrerequisites2></manifest>