{"machineid":"vbslUT3-A0N00cXE7z_TfB2s3lcG5e5_VxjqXleSH5I","createdTime":"23-01-2026 09:26:59","STVersion":"4.3.2.0","manufacturer":"Dell Inc.","model":"Precision 3450","serialnumber":"F6LF1N3","cpuhyperthreaded":"16","cpusockets":"1","cpuname":"11th Gen Intel(R) Core(TM) i7-11700 @ 2.50GHz","memory":"15.73 GB","osmanufacturer":"Microsoft Corporation","osname":"Microsoft Windows 11 Pro","osedition":"48","osarchitecture":"64-bit","osservicepack":"0","osversion":"10.0.22621","platformrole":"Desktop","systemchassis":"Desktop,, ","biosmanufacturer":"Dell Inc.","biosversion":"DELL   - 2, 1.5.1, Dell - 10000, ","biosmode":"UEFI","secureboot":"1","timezone":"India Standard Time","locale":"en-US;English (United States)","localeLCID":"1033","keyboardlayout":"English – United States","systemdirectory":"C:\\WINDOWS","ivantiSoftware":null,"dotNETVersion":"4.8 or later","dotNETRelease":"533320"}