{"machineid":"oYhmIqoKGm4do_C3T5VIsDPtZ7oiQ68OnaRYmHvY4n4","createdTime":"23-01-2026 10:07:11","STVersion":"4.3.2.0","manufacturer":"LENOVO","model":"11T8S2XQ00","serialnumber":"PG048122","cpuhyperthreaded":"12","cpusockets":"1","cpuname":"12th Gen Intel(R) Core(TM) i5-12500","memory":"15.68 GB","osmanufacturer":"Microsoft Corporation","osname":"Microsoft Windows 11 Pro","osedition":"48","osarchitecture":"64-bit","osservicepack":"0","osversion":"10.0.26200","platformrole":"Desktop","systemchassis":"Desktop,, ","biosmanufacturer":"LENOVO","biosversion":"LENOVO - 14B0, M41KT4BA, American Megatrends - 50018, ","biosmode":"UEFI","secureboot":"1","timezone":"India Standard Time","locale":"en-US;English (United States)","localeLCID":"1033","keyboardlayout":"English – United States","systemdirectory":"C:\\WINDOWS","ivantiSoftware":null,"dotNETVersion":"4.8 or later","dotNETRelease":"533509"}